log_id,product,interactions_processed,avg_response_time_sec,ai_accuracy_percent,confidence_score_percent,compliance_score_percent,uptime_percent,log_date
AILOG00001,Voice Solution,449,1.24,86.37,91.46,94.6,99.469,2026-06-29
AILOG00002,Sherpa AI,124,1.53,85.72,87.89,89.31,99.035,2026-06-15
AILOG00003,Sherpa AI,55,0.82,85.81,96.1,97.43,98.514,2026-04-18
AILOG00004,Voice Solution,85,1.65,83.18,91.04,93.13,99.737,2025-11-09
AILOG00005,Sherpa AI,204,1.06,95.97,87.65,94.24,99.359,2026-02-06
AILOG00006,Sherpa AI,409,2.49,86.36,88.04,95.56,99.103,2025-11-12
AILOG00007,Voice Solution,209,2.52,88.35,93.44,94.31,99.029,2026-01-10
AILOG00008,Voice Solution,174,1.14,87.59,92.89,92.23,99.922,2026-03-15
AILOG00009,Voice Solution,400,2.52,86.53,90.32,97.39,99.996,2026-07-17
AILOG00010,Sherpa AI,429,1.03,90.88,88.45,93.67,98.987,2025-11-05
AILOG00011,Voice Solution,246,2.74,87.6,93.82,90.63,98.151,2026-06-27
AILOG00012,Sherpa AI,160,1.69,91.72,87.9,95.06,99.193,2026-02-07
AILOG00013,Sherpa AI,95,2.1,96.07,87.69,93.76,99.413,2026-03-31
AILOG00014,Voice Solution,165,2.74,84.05,99.9,93.93,99.336,2026-07-16
AILOG00015,Voice Solution,57,2.19,90.45,91.51,94.38,98.513,2026-03-29
AILOG00016,Voice Solution,281,1.71,90.32,89.67,94.17,100.0,2026-03-22
AILOG00017,Voice Solution,145,2.37,83.71,88.22,98.37,98.37,2026-07-09
AILOG00018,Voice Solution,111,1.17,91.91,89.16,91.6,98.926,2026-06-22
AILOG00019,Sherpa AI,303,0.55,87.82,94.99,87.76,98.789,2026-03-12
AILOG00020,Sherpa AI,364,2.54,96.11,93.31,94.0,98.763,2025-12-17
AILOG00021,Voice Solution,280,0.95,93.5,87.4,96.5,98.209,2026-02-02
AILOG00022,Sherpa AI,462,2.4,89.0,88.68,89.31,99.33,2026-07-07
AILOG00023,Voice Solution,482,1.89,88.03,84.74,95.09,100.0,2025-11-20
AILOG00024,Voice Solution,386,1.79,96.8,91.05,89.78,99.218,2026-04-29
AILOG00025,Sherpa AI,127,1.19,86.39,74.13,96.53,98.796,2026-03-16
AILOG00026,Voice Solution,476,1.51,90.19,83.84,94.03,100.0,2026-06-25
AILOG00027,Sherpa AI,64,1.81,88.71,90.37,91.36,99.72,2026-05-09
AILOG00028,Sherpa AI,387,1.93,94.38,79.5,89.19,98.878,2026-05-31
AILOG00029,Sherpa AI,456,1.21,94.72,99.14,100.0,99.461,2026-01-03
AILOG00030,Voice Solution,21,2.28,91.44,86.45,100.0,99.84,2026-04-13
AILOG00031,Voice Solution,452,2.32,86.62,91.94,90.76,98.848,2025-12-08
AILOG00032,Voice Solution,220,2.11,88.3,95.07,90.69,99.361,2026-06-03
AILOG00033,Sherpa AI,109,1.51,83.46,91.07,94.24,99.106,2025-11-19
AILOG00034,Sherpa AI,234,2.36,90.12,89.98,92.84,98.704,2026-07-12
AILOG00035,Sherpa AI,134,2.2,85.37,87.73,93.02,99.383,2026-01-13
AILOG00036,Sherpa AI,338,0.53,99.07,84.73,94.85,99.516,2026-03-21
AILOG00037,Sherpa AI,111,1.94,86.54,88.1,99.75,99.322,2025-11-17
AILOG00038,Sherpa AI,345,3.06,93.62,90.41,98.09,98.892,2026-02-03
AILOG00039,Voice Solution,205,2.43,95.88,89.9,93.04,100.0,2026-06-22
AILOG00040,Sherpa AI,279,2.55,92.73,86.18,96.17,99.055,2026-01-27
AILOG00041,Sherpa AI,177,1.34,86.72,94.25,88.46,99.579,2025-12-21
AILOG00042,Voice Solution,76,1.88,86.4,84.28,94.41,99.704,2026-07-03
AILOG00043,Sherpa AI,66,1.68,99.9,92.38,93.29,98.055,2026-02-21
AILOG00044,Sherpa AI,421,1.8,97.88,93.4,96.89,99.715,2025-11-08
AILOG00045,Sherpa AI,241,1.47,90.37,90.95,95.87,99.304,2025-12-07
AILOG00046,Sherpa AI,494,1.0,87.48,96.66,94.93,99.168,2025-12-17
AILOG00047,Voice Solution,127,1.84,85.08,91.62,95.38,99.239,2026-02-08
AILOG00048,Voice Solution,370,1.29,86.21,95.52,92.7,99.591,2026-04-22
AILOG00049,Voice Solution,319,2.18,92.2,79.33,96.9,98.159,2026-06-29
AILOG00050,Voice Solution,199,1.78,99.41,93.75,95.38,99.316,2026-05-10
AILOG00051,Voice Solution,196,0.55,88.47,92.34,93.51,99.516,2026-06-22
AILOG00052,Voice Solution,433,2.7,94.39,92.14,94.3,100.0,2026-06-23
AILOG00053,Sherpa AI,199,2.08,93.04,92.47,96.53,98.625,2026-03-06
AILOG00054,Voice Solution,56,1.5,87.68,88.08,96.82,99.522,2026-04-27
AILOG00055,Voice Solution,82,1.58,93.5,93.04,92.97,99.058,2026-04-22
AILOG00056,Voice Solution,287,1.0,93.64,97.13,91.32,99.542,2026-02-28
AILOG00057,Voice Solution,292,1.76,93.13,82.49,92.63,99.733,2025-11-30
AILOG00058,Voice Solution,309,2.24,87.14,94.76,92.79,98.932,2025-12-18
AILOG00059,Voice Solution,431,2.93,92.23,89.48,94.37,100.0,2026-04-28
AILOG00060,Voice Solution,407,1.74,94.35,87.36,97.59,99.961,2026-02-02
AILOG00061,Voice Solution,373,1.83,93.3,85.16,92.59,99.694,2025-12-25
AILOG00062,Voice Solution,321,2.58,93.85,91.52,95.16,99.122,2026-06-24
AILOG00063,Sherpa AI,289,1.05,88.09,96.33,93.45,99.023,2026-01-13
AILOG00064,Voice Solution,288,1.89,93.83,88.44,94.06,99.52,2026-03-02
AILOG00065,Sherpa AI,461,1.31,94.81,92.67,94.91,99.103,2025-12-27
AILOG00066,Voice Solution,324,1.89,86.94,89.96,97.6,99.038,2026-03-19
AILOG00067,Voice Solution,265,2.41,82.77,83.43,94.74,100.0,2026-05-18
AILOG00068,Voice Solution,197,0.73,96.36,89.28,86.26,99.574,2026-05-28
AILOG00069,Sherpa AI,86,2.52,86.92,87.34,93.4,99.712,2026-03-18
AILOG00070,Voice Solution,296,2.03,85.66,85.95,98.71,100.0,2026-03-14
AILOG00071,Sherpa AI,227,1.89,89.96,88.28,97.43,99.342,2025-11-16
AILOG00072,Sherpa AI,326,2.67,87.79,88.73,96.37,98.984,2026-02-11
AILOG00073,Voice Solution,57,1.29,80.33,94.03,97.54,98.765,2026-07-01
AILOG00074,Sherpa AI,138,0.93,93.01,90.09,96.47,99.977,2026-01-29
AILOG00075,Voice Solution,45,1.13,92.9,84.38,97.48,99.114,2025-11-04
AILOG00076,Voice Solution,25,2.15,84.36,94.83,90.65,97.823,2026-01-01
AILOG00077,Voice Solution,293,1.48,88.89,91.54,93.82,97.969,2026-05-31
AILOG00078,Voice Solution,252,1.23,84.42,91.12,94.44,98.562,2026-07-06
AILOG00079,Voice Solution,133,1.16,85.14,93.49,94.16,99.112,2026-05-11
AILOG00080,Sherpa AI,153,1.91,86.29,89.91,92.27,99.187,2025-12-26
AILOG00081,Voice Solution,444,1.78,91.38,87.85,94.44,99.563,2025-12-01
AILOG00082,Sherpa AI,332,0.88,98.05,91.39,88.9,98.732,2025-11-01
AILOG00083,Voice Solution,197,0.9,87.14,92.49,95.36,99.409,2026-05-17
AILOG00084,Sherpa AI,44,1.46,92.78,91.53,91.98,99.742,2025-12-15
AILOG00085,Voice Solution,67,2.4,92.59,93.24,87.47,99.228,2025-12-17
AILOG00086,Sherpa AI,299,1.52,79.42,90.4,94.05,99.068,2026-06-10
AILOG00087,Sherpa AI,433,0.84,82.77,86.02,98.64,98.867,2026-01-20
AILOG00088,Voice Solution,362,1.74,98.21,87.48,88.3,99.873,2026-05-08
AILOG00089,Voice Solution,320,1.82,86.72,95.49,93.27,98.615,2025-12-09
AILOG00090,Voice Solution,318,0.83,91.04,90.13,89.13,100.0,2026-01-22
AILOG00091,Voice Solution,91,1.01,90.52,85.49,94.77,99.289,2026-04-25
AILOG00092,Voice Solution,459,2.28,79.42,85.11,96.61,98.781,2025-11-09
AILOG00093,Sherpa AI,220,1.0,85.93,84.64,91.57,99.72,2026-07-16
AILOG00094,Voice Solution,345,2.31,92.27,93.3,92.73,99.554,2026-04-29
AILOG00095,Voice Solution,52,0.79,84.78,91.24,93.55,99.508,2026-04-03
AILOG00096,Voice Solution,116,0.82,87.3,97.38,97.72,99.652,2025-11-15
AILOG00097,Sherpa AI,64,1.82,83.58,92.3,89.81,99.381,2026-01-06
AILOG00098,Voice Solution,282,1.31,85.22,92.55,92.64,99.529,2026-05-06
AILOG00099,Voice Solution,381,1.45,86.63,97.96,98.71,99.98,2026-01-02
AILOG00100,Voice Solution,421,1.9,80.63,86.12,91.82,99.401,2025-12-11
AILOG00101,Voice Solution,89,1.43,94.27,84.0,92.82,99.71,2025-11-28
AILOG00102,Sherpa AI,320,1.18,82.75,92.21,94.54,98.2,2026-06-09
AILOG00103,Sherpa AI,312,2.12,88.22,89.02,100.0,99.462,2026-06-05
AILOG00104,Sherpa AI,424,1.92,85.65,91.19,90.65,100.0,2026-06-10
AILOG00105,Sherpa AI,237,1.83,93.85,94.9,96.27,98.407,2025-12-31
AILOG00106,Sherpa AI,226,1.79,83.45,93.05,90.44,100.0,2026-02-11
AILOG00107,Voice Solution,191,1.28,85.48,96.07,90.98,99.661,2026-05-04
AILOG00108,Voice Solution,265,1.14,82.98,86.37,92.46,98.451,2026-03-27
AILOG00109,Voice Solution,433,1.58,78.16,93.59,95.39,99.32,2026-01-14
AILOG00110,Voice Solution,414,1.29,91.29,86.91,92.35,99.501,2025-11-01
AILOG00111,Voice Solution,275,1.79,89.15,96.68,94.4,99.756,2026-04-11
AILOG00112,Voice Solution,283,1.55,89.99,91.79,91.85,99.082,2025-11-17
AILOG00113,Voice Solution,408,1.81,92.65,92.03,94.24,99.648,2026-07-01
AILOG00114,Voice Solution,283,1.74,89.49,87.67,90.11,99.993,2025-11-19
AILOG00115,Sherpa AI,24,2.95,87.0,87.87,90.18,99.743,2025-12-29
AILOG00116,Sherpa AI,29,0.9,90.17,91.62,92.46,99.897,2026-05-20
AILOG00117,Voice Solution,290,1.68,86.72,96.99,95.83,99.077,2026-02-23
AILOG00118,Sherpa AI,249,1.08,94.01,96.33,94.58,99.643,2026-05-22
AILOG00119,Sherpa AI,331,1.49,87.37,91.43,91.68,100.0,2025-12-01
AILOG00120,Sherpa AI,389,1.27,88.46,88.31,90.61,98.76,2026-05-13
AILOG00121,Voice Solution,74,2.22,91.86,92.29,97.1,99.511,2026-02-14
AILOG00122,Sherpa AI,406,0.84,99.51,95.02,98.09,98.742,2026-03-06
AILOG00123,Voice Solution,60,2.31,84.4,90.85,95.52,99.927,2026-02-11
AILOG00124,Sherpa AI,157,2.14,83.52,88.45,95.07,98.312,2026-04-12
AILOG00125,Sherpa AI,410,3.14,87.9,92.72,87.59,99.016,2026-03-01
AILOG00126,Sherpa AI,466,2.97,85.63,89.04,95.78,100.0,2026-06-28
AILOG00127,Voice Solution,134,1.28,92.15,88.58,98.77,99.053,2026-02-03
AILOG00128,Sherpa AI,82,2.6,89.89,89.78,97.22,99.269,2026-05-27
AILOG00129,Voice Solution,363,1.59,83.96,92.67,97.05,99.923,2026-03-29
AILOG00130,Voice Solution,429,2.0,92.37,89.11,89.03,99.231,2026-05-12
AILOG00131,Voice Solution,53,2.92,97.31,89.85,91.89,98.284,2026-03-22
AILOG00132,Sherpa AI,397,1.31,85.4,90.57,93.57,98.765,2026-05-20
AILOG00133,Sherpa AI,271,1.84,90.46,88.47,91.87,99.959,2026-04-11
AILOG00134,Sherpa AI,475,0.53,79.12,96.2,90.52,100.0,2026-02-17
AILOG00135,Voice Solution,442,2.38,87.34,97.37,95.26,98.296,2026-05-29
AILOG00136,Voice Solution,463,3.17,90.39,88.79,96.99,98.825,2026-03-29
AILOG00137,Voice Solution,216,2.17,88.36,86.81,89.81,98.964,2026-07-14
AILOG00138,Voice Solution,375,2.69,89.51,88.14,97.11,99.11,2026-05-18
AILOG00139,Voice Solution,382,2.54,85.5,91.78,94.67,98.836,2026-05-05
AILOG00140,Voice Solution,429,1.34,94.67,89.66,98.87,99.353,2026-04-14
AILOG00141,Voice Solution,271,2.01,87.15,84.88,96.38,99.013,2026-02-16
AILOG00142,Sherpa AI,81,2.12,83.47,89.38,94.39,99.086,2026-01-22
AILOG00143,Sherpa AI,413,1.04,88.83,91.63,94.41,98.734,2026-01-19
AILOG00144,Sherpa AI,244,2.74,93.15,93.94,94.01,99.692,2026-07-11
AILOG00145,Voice Solution,375,1.47,91.5,97.03,99.46,98.606,2025-11-25
AILOG00146,Voice Solution,73,1.66,86.67,88.21,95.84,99.491,2025-12-21
AILOG00147,Voice Solution,178,1.63,96.98,87.51,92.9,99.802,2026-02-16
AILOG00148,Voice Solution,313,1.82,88.66,89.0,95.71,100.0,2026-06-26
AILOG00149,Sherpa AI,389,3.7,81.29,86.22,95.4,99.55,2026-05-05
AILOG00150,Voice Solution,44,1.41,91.67,87.2,92.73,99.413,2026-01-19
AILOG00151,Sherpa AI,256,0.8,88.38,87.22,91.54,98.455,2026-02-04
AILOG00152,Sherpa AI,480,1.91,88.67,91.31,97.55,100.0,2026-03-30
AILOG00153,Voice Solution,340,1.24,93.0,86.67,93.21,99.371,2025-11-06
AILOG00154,Voice Solution,119,1.53,87.83,93.3,93.04,99.455,2025-11-22
AILOG00155,Sherpa AI,247,2.2,87.69,94.6,95.75,99.498,2026-06-08
AILOG00156,Sherpa AI,197,1.09,83.36,85.5,92.45,99.357,2025-11-12
AILOG00157,Sherpa AI,427,1.56,86.62,84.78,94.69,99.304,2026-05-11
AILOG00158,Sherpa AI,174,1.99,90.1,87.86,92.86,99.118,2026-06-13
AILOG00159,Voice Solution,485,1.29,86.35,88.39,86.26,99.663,2026-04-16
AILOG00160,Voice Solution,453,1.77,81.49,95.06,95.16,98.55,2026-02-24
AILOG00161,Voice Solution,258,1.99,91.93,89.8,94.79,98.539,2026-03-28
AILOG00162,Voice Solution,453,1.72,92.12,91.68,95.06,98.876,2025-12-06
AILOG00163,Voice Solution,162,1.9,92.15,91.67,87.77,99.924,2026-07-03
AILOG00164,Voice Solution,36,2.03,84.84,86.48,89.95,99.523,2026-03-10
AILOG00165,Sherpa AI,304,1.36,88.91,89.0,97.49,98.983,2026-06-28
AILOG00166,Sherpa AI,24,0.85,90.08,89.95,94.22,98.9,2026-02-13
AILOG00167,Voice Solution,30,1.13,91.68,91.51,88.32,99.26,2026-04-16
AILOG00168,Voice Solution,227,1.02,91.78,84.26,94.25,99.5,2025-12-12
AILOG00169,Sherpa AI,455,2.6,82.64,87.62,89.29,99.98,2026-07-12
AILOG00170,Voice Solution,437,0.67,96.75,90.05,92.28,100.0,2026-05-24
AILOG00171,Sherpa AI,100,2.21,83.56,88.24,94.76,99.237,2026-05-14
AILOG00172,Sherpa AI,52,1.36,81.66,84.39,94.77,100.0,2026-04-20
AILOG00173,Voice Solution,324,2.47,75.8,87.11,97.02,99.34,2026-07-08
AILOG00174,Voice Solution,396,1.53,92.14,84.43,95.4,99.451,2026-02-12
AILOG00175,Sherpa AI,178,1.82,95.52,95.52,95.58,99.789,2025-12-09
AILOG00176,Voice Solution,293,2.14,86.15,88.72,92.86,99.862,2026-06-24
AILOG00177,Voice Solution,134,2.62,81.04,89.74,91.45,100.0,2026-03-14
AILOG00178,Voice Solution,236,1.43,92.94,86.08,94.15,98.657,2026-07-10
AILOG00179,Sherpa AI,280,1.4,83.16,90.92,97.06,99.361,2026-04-19
AILOG00180,Voice Solution,177,2.13,91.79,92.78,96.48,99.928,2026-05-26
AILOG00181,Sherpa AI,64,0.77,84.84,86.34,93.4,98.766,2026-03-23
AILOG00182,Voice Solution,139,0.68,87.02,86.43,93.82,98.364,2025-11-19
AILOG00183,Voice Solution,234,2.04,90.44,88.02,91.29,98.557,2026-05-09
AILOG00184,Sherpa AI,147,2.23,90.47,84.4,97.45,99.239,2026-01-03
AILOG00185,Voice Solution,273,2.02,89.48,91.52,98.85,100.0,2026-06-18
AILOG00186,Voice Solution,57,1.74,95.62,93.04,95.32,98.546,2026-04-24
AILOG00187,Voice Solution,384,1.45,96.71,84.27,89.09,98.717,2025-11-20
AILOG00188,Voice Solution,229,2.83,97.07,93.52,96.02,99.048,2026-06-14
AILOG00189,Voice Solution,371,2.92,88.21,93.53,98.96,98.803,2026-06-19
AILOG00190,Sherpa AI,113,1.87,89.48,78.64,90.64,98.713,2026-02-09
AILOG00191,Sherpa AI,48,1.36,95.2,85.59,96.54,98.281,2026-06-15
AILOG00192,Sherpa AI,183,1.14,86.07,87.57,93.44,99.036,2025-12-08
AILOG00193,Sherpa AI,156,2.08,87.07,92.27,97.73,100.0,2026-01-04
AILOG00194,Sherpa AI,42,1.0,89.09,91.75,90.53,99.577,2026-01-15
AILOG00195,Sherpa AI,150,1.02,88.91,86.3,92.7,99.888,2026-05-11
AILOG00196,Sherpa AI,105,1.49,87.71,96.5,89.3,98.998,2026-03-03
AILOG00197,Voice Solution,203,2.13,84.79,87.2,95.02,98.879,2026-03-05
AILOG00198,Voice Solution,443,2.75,92.84,86.66,95.66,99.561,2025-11-27
AILOG00199,Sherpa AI,256,1.96,87.26,85.36,95.03,99.342,2026-02-11
AILOG00200,Voice Solution,203,2.12,89.7,89.29,92.45,99.272,2025-12-30
AILOG00201,Sherpa AI,333,2.44,88.97,93.62,92.68,100.0,2026-04-17
AILOG00202,Voice Solution,178,2.38,92.04,86.39,93.02,98.897,2026-01-22
AILOG00203,Voice Solution,489,1.44,91.05,90.83,96.66,98.828,2025-11-06
AILOG00204,Sherpa AI,30,2.37,87.85,90.81,89.64,99.726,2026-04-13
AILOG00205,Voice Solution,61,2.47,87.13,89.87,92.98,99.659,2026-05-21
AILOG00206,Sherpa AI,254,2.0,88.5,91.29,89.58,98.778,2026-04-26
AILOG00207,Sherpa AI,150,1.89,84.01,93.62,92.77,99.34,2026-04-05
AILOG00208,Sherpa AI,204,2.19,85.38,91.09,93.96,98.403,2026-02-10
AILOG00209,Voice Solution,33,2.12,91.39,94.19,100.0,99.449,2026-01-19
AILOG00210,Voice Solution,321,0.59,90.35,85.6,92.0,99.066,2026-05-13
AILOG00211,Voice Solution,273,2.08,84.65,88.23,97.08,99.177,2026-01-30
AILOG00212,Sherpa AI,166,2.57,88.46,85.6,88.87,98.73,2026-01-06
AILOG00213,Voice Solution,399,2.44,81.97,92.19,94.12,99.897,2026-06-03
AILOG00214,Voice Solution,79,2.05,89.61,94.89,94.11,99.431,2026-03-25
AILOG00215,Voice Solution,434,1.9,87.49,88.76,96.24,99.797,2025-12-10
AILOG00216,Voice Solution,311,1.54,98.43,91.13,92.36,99.248,2026-05-31
AILOG00217,Sherpa AI,179,1.73,91.64,84.02,91.65,99.895,2025-12-29
AILOG00218,Voice Solution,466,2.27,84.71,90.09,87.76,98.366,2025-11-28
AILOG00219,Voice Solution,45,2.05,84.65,83.31,94.99,99.303,2025-12-17
AILOG00220,Sherpa AI,84,2.39,91.87,90.24,92.07,99.898,2026-06-25
AILOG00221,Sherpa AI,405,1.46,92.96,82.31,97.08,98.309,2026-02-25
AILOG00222,Sherpa AI,89,2.5,97.36,96.78,95.54,99.365,2026-03-31
AILOG00223,Sherpa AI,401,1.4,94.2,89.8,97.56,99.589,2026-01-22
AILOG00224,Voice Solution,192,1.93,91.15,89.64,91.38,99.108,2025-12-27
AILOG00225,Voice Solution,481,1.43,95.4,97.63,94.61,99.797,2026-06-05
AILOG00226,Sherpa AI,495,1.74,89.34,90.26,94.57,99.802,2026-06-08
AILOG00227,Sherpa AI,244,3.12,89.14,83.56,92.51,98.991,2026-06-30
AILOG00228,Sherpa AI,172,2.13,83.54,88.28,97.69,99.107,2026-02-07
AILOG00229,Sherpa AI,59,1.95,95.79,97.78,96.34,98.719,2026-06-30
AILOG00230,Sherpa AI,165,2.72,89.6,86.42,100.0,99.459,2026-05-22
AILOG00231,Voice Solution,385,0.25,88.56,88.24,96.08,99.401,2025-12-07
AILOG00232,Voice Solution,117,1.7,85.43,96.19,99.61,99.301,2026-07-04
AILOG00233,Sherpa AI,267,1.48,94.51,86.92,99.54,99.35,2026-03-08
AILOG00234,Sherpa AI,31,1.24,93.44,89.62,92.53,98.871,2026-03-15
AILOG00235,Sherpa AI,494,0.81,84.94,95.4,89.59,98.586,2026-01-03
AILOG00236,Sherpa AI,43,1.66,91.3,87.7,99.06,99.522,2025-11-29
AILOG00237,Voice Solution,244,2.25,92.58,86.81,96.08,99.201,2026-06-14
AILOG00238,Voice Solution,264,1.7,83.39,82.63,95.56,98.784,2025-12-30
AILOG00239,Voice Solution,482,2.32,91.89,85.59,92.65,98.937,2025-12-24
AILOG00240,Sherpa AI,190,1.85,90.98,86.47,95.19,99.759,2026-03-29
AILOG00241,Voice Solution,51,2.56,91.8,88.55,97.05,99.731,2025-12-28
AILOG00242,Voice Solution,133,1.47,97.94,91.43,95.98,99.631,2025-12-06
AILOG00243,Sherpa AI,228,0.58,99.9,89.82,92.16,99.279,2026-03-25
AILOG00244,Voice Solution,322,0.77,94.56,85.07,98.63,98.959,2026-07-08
AILOG00245,Sherpa AI,448,1.48,90.17,95.44,94.37,99.961,2026-01-19
AILOG00246,Voice Solution,54,1.23,91.87,85.59,96.04,99.138,2025-11-15
AILOG00247,Voice Solution,224,1.42,90.95,97.21,96.52,99.435,2025-12-10
AILOG00248,Sherpa AI,397,2.54,99.58,90.61,100.0,98.875,2026-01-20
AILOG00249,Sherpa AI,403,0.82,89.62,94.18,95.24,99.181,2026-05-12
AILOG00250,Voice Solution,412,2.78,87.14,92.12,93.84,97.967,2026-04-15
AILOG00251,Sherpa AI,285,1.28,91.47,96.02,99.74,98.986,2026-05-23
AILOG00252,Voice Solution,84,0.99,98.39,89.83,97.32,98.538,2026-05-30
AILOG00253,Voice Solution,462,1.71,84.64,88.93,94.92,99.409,2026-07-16
AILOG00254,Voice Solution,117,2.77,85.98,91.22,94.73,99.002,2026-02-23
AILOG00255,Sherpa AI,204,1.34,85.73,88.9,88.12,99.149,2026-06-21
AILOG00256,Voice Solution,257,1.41,83.61,91.81,93.74,100.0,2026-01-16
AILOG00257,Voice Solution,492,1.45,84.72,96.2,89.79,98.789,2026-02-04
AILOG00258,Sherpa AI,489,2.55,93.23,83.24,85.99,99.361,2026-02-06
AILOG00259,Voice Solution,285,1.51,89.99,89.7,92.21,99.41,2025-12-26
AILOG00260,Voice Solution,493,2.09,83.18,98.8,89.86,98.825,2026-02-26
AILOG00261,Voice Solution,422,1.88,92.09,88.44,92.93,99.852,2026-02-27
AILOG00262,Sherpa AI,251,1.73,90.55,94.05,94.92,100.0,2025-12-08
AILOG00263,Voice Solution,128,1.48,93.28,93.48,95.53,99.9,2026-05-04
AILOG00264,Sherpa AI,197,3.08,86.28,84.25,93.67,98.823,2026-06-30
AILOG00265,Voice Solution,268,3.61,83.48,91.19,90.13,98.949,2025-12-21
AILOG00266,Voice Solution,343,1.23,92.06,90.88,93.64,98.287,2026-03-07
AILOG00267,Sherpa AI,379,1.1,92.71,99.9,90.8,99.209,2026-02-11
AILOG00268,Voice Solution,24,1.83,84.03,79.5,98.21,99.245,2026-06-17
AILOG00269,Sherpa AI,176,0.32,90.07,83.52,93.56,99.69,2026-05-30
AILOG00270,Voice Solution,249,1.83,86.23,89.09,90.58,100.0,2026-01-24
AILOG00271,Voice Solution,135,3.1,93.37,88.57,90.85,98.671,2025-11-27
AILOG00272,Voice Solution,280,1.41,91.98,86.47,94.02,99.369,2026-01-11
AILOG00273,Voice Solution,335,2.5,94.48,86.72,94.17,99.187,2026-02-03
AILOG00274,Voice Solution,340,2.76,85.21,92.74,93.42,99.224,2026-01-15
AILOG00275,Voice Solution,146,1.24,85.9,86.64,96.98,100.0,2025-11-06
AILOG00276,Voice Solution,47,1.92,87.33,87.84,91.12,99.348,2026-01-29
AILOG00277,Voice Solution,358,2.03,86.61,93.99,97.01,99.575,2026-01-19
AILOG00278,Voice Solution,247,2.27,90.66,93.37,93.72,99.537,2026-06-10
AILOG00279,Voice Solution,148,2.32,84.15,88.09,96.59,99.409,2026-01-22
AILOG00280,Voice Solution,48,2.53,95.85,84.14,92.12,98.916,2026-01-21
AILOG00281,Voice Solution,198,1.29,96.85,93.52,96.33,100.0,2026-04-01
AILOG00282,Sherpa AI,183,1.91,93.99,86.24,91.58,99.283,2025-12-15
AILOG00283,Sherpa AI,179,2.76,91.25,95.17,98.94,99.566,2026-05-31
AILOG00284,Sherpa AI,339,2.83,88.45,91.68,93.76,99.427,2026-01-10
AILOG00285,Voice Solution,417,1.95,89.85,89.23,92.71,98.244,2025-12-28
AILOG00286,Voice Solution,307,1.45,85.6,91.75,90.48,98.779,2025-12-27
AILOG00287,Voice Solution,284,2.47,89.71,82.19,94.51,99.357,2026-02-19
AILOG00288,Sherpa AI,486,2.15,90.51,95.92,93.55,98.875,2026-03-22
AILOG00289,Voice Solution,414,2.13,85.29,89.16,89.99,99.502,2025-12-26
AILOG00290,Voice Solution,451,2.3,96.3,90.67,91.79,98.845,2025-11-12
AILOG00291,Voice Solution,454,1.18,88.62,87.69,88.14,99.308,2025-11-15
AILOG00292,Sherpa AI,407,2.35,84.37,89.32,90.61,98.446,2025-11-08
AILOG00293,Sherpa AI,316,1.9,88.08,96.39,93.63,99.718,2026-06-19
AILOG00294,Voice Solution,44,2.54,86.29,88.92,95.06,99.525,2026-05-05
AILOG00295,Voice Solution,164,1.81,85.22,88.33,93.03,99.549,2025-12-23
AILOG00296,Sherpa AI,194,2.18,96.07,92.73,95.41,99.255,2026-03-17
AILOG00297,Voice Solution,27,2.1,89.04,91.24,91.12,98.951,2026-04-23
AILOG00298,Voice Solution,333,1.45,93.63,96.22,95.33,100.0,2026-06-07
AILOG00299,Sherpa AI,128,1.21,90.85,81.94,93.77,100.0,2026-07-13
AILOG00300,Voice Solution,148,2.32,91.14,88.16,93.38,99.264,2026-01-14
AILOG00301,Voice Solution,21,1.24,88.94,84.3,93.99,99.014,2026-06-12
AILOG00302,Voice Solution,29,1.58,87.06,94.93,92.2,98.436,2026-01-31
AILOG00303,Sherpa AI,366,1.56,94.85,84.83,89.4,99.413,2026-03-14
AILOG00304,Voice Solution,136,2.04,91.94,91.32,90.86,98.966,2026-04-12
AILOG00305,Sherpa AI,430,2.24,88.19,84.77,89.76,99.06,2026-05-17
AILOG00306,Sherpa AI,416,0.79,93.47,88.0,93.32,99.782,2026-05-08
AILOG00307,Sherpa AI,338,1.33,95.8,86.02,96.05,98.819,2026-01-12
AILOG00308,Sherpa AI,30,1.3,90.65,89.97,98.45,100.0,2026-05-25
AILOG00309,Voice Solution,417,1.65,95.98,98.11,92.62,98.791,2025-12-01
AILOG00310,Voice Solution,115,0.51,86.85,84.3,93.52,98.277,2026-02-27
AILOG00311,Sherpa AI,483,2.54,84.95,85.45,99.65,98.971,2026-04-08
AILOG00312,Sherpa AI,399,1.84,87.46,92.39,92.79,99.478,2026-07-13
AILOG00313,Voice Solution,112,1.71,89.19,89.39,92.12,99.368,2026-07-03
AILOG00314,Sherpa AI,121,2.29,96.0,84.91,93.61,99.392,2026-02-14
AILOG00315,Voice Solution,117,2.14,87.29,88.12,92.73,99.161,2026-05-17
AILOG00316,Voice Solution,301,2.13,90.73,83.95,91.96,99.049,2026-02-28
AILOG00317,Sherpa AI,472,1.79,93.95,88.04,89.78,98.68,2026-01-21
AILOG00318,Voice Solution,486,1.87,91.1,86.11,98.78,99.365,2026-05-06
AILOG00319,Voice Solution,314,2.35,86.78,91.24,95.65,99.828,2025-12-22
AILOG00320,Sherpa AI,367,2.15,83.25,92.57,98.85,99.307,2026-01-07
AILOG00321,Sherpa AI,175,2.92,94.48,79.38,96.86,98.92,2026-03-14
AILOG00322,Sherpa AI,164,1.89,84.26,90.43,94.05,99.373,2026-02-28
AILOG00323,Sherpa AI,440,2.22,87.3,80.79,88.99,100.0,2025-12-27
AILOG00324,Sherpa AI,383,1.72,89.15,90.03,91.27,99.198,2026-05-05
AILOG00325,Sherpa AI,230,2.01,94.69,96.37,92.95,98.682,2026-01-11
AILOG00326,Voice Solution,174,2.04,93.49,88.61,91.11,99.41,2026-04-07
AILOG00327,Voice Solution,261,1.51,89.67,91.02,88.54,99.595,2026-06-16
AILOG00328,Voice Solution,95,1.38,94.46,92.95,91.33,99.734,2026-06-22
AILOG00329,Sherpa AI,342,2.22,95.45,93.09,93.42,99.649,2025-11-11
AILOG00330,Voice Solution,397,2.1,86.85,93.34,98.77,99.383,2026-04-24
AILOG00331,Voice Solution,471,2.75,87.23,91.74,91.98,98.883,2026-03-11
AILOG00332,Sherpa AI,194,1.8,92.37,86.99,95.97,98.808,2025-11-02
AILOG00333,Voice Solution,130,1.15,96.64,92.58,91.07,99.131,2026-07-07
AILOG00334,Voice Solution,478,1.81,85.87,95.96,93.33,99.608,2026-05-19
AILOG00335,Voice Solution,437,2.3,80.71,91.94,93.9,98.975,2026-05-01
AILOG00336,Sherpa AI,37,0.42,91.92,90.76,98.8,99.055,2026-03-07
AILOG00337,Voice Solution,310,1.8,95.14,83.3,85.99,98.857,2026-05-16
AILOG00338,Voice Solution,293,2.23,89.58,85.75,91.57,100.0,2025-12-14
AILOG00339,Voice Solution,257,1.95,99.9,87.12,94.74,99.189,2025-11-10
AILOG00340,Voice Solution,217,1.57,85.23,85.61,95.25,99.636,2026-06-13
AILOG00341,Voice Solution,181,1.02,85.66,89.34,90.47,100.0,2026-06-04
AILOG00342,Sherpa AI,436,1.79,85.6,86.29,93.88,98.824,2026-05-30
AILOG00343,Voice Solution,403,1.0,89.39,93.47,94.04,99.679,2026-06-05
AILOG00344,Voice Solution,219,2.24,89.5,88.41,98.41,99.253,2025-12-19
AILOG00345,Sherpa AI,253,1.84,85.54,85.54,94.63,100.0,2026-04-12
AILOG00346,Sherpa AI,402,2.77,94.06,86.31,93.57,98.904,2026-05-12
AILOG00347,Voice Solution,359,0.53,90.21,90.27,91.89,99.407,2026-03-25
AILOG00348,Voice Solution,487,1.58,84.34,88.87,95.82,99.617,2026-04-08
AILOG00349,Sherpa AI,62,2.28,91.76,90.17,93.24,98.958,2026-04-29
AILOG00350,Voice Solution,101,2.54,87.11,89.01,92.3,99.196,2025-11-26
AILOG00351,Sherpa AI,46,2.3,89.46,96.87,91.06,99.23,2026-02-08
AILOG00352,Voice Solution,323,1.18,92.99,93.43,93.11,99.847,2026-02-19
AILOG00353,Voice Solution,88,1.49,93.5,86.56,96.1,100.0,2025-12-21
AILOG00354,Sherpa AI,218,0.35,93.12,82.22,92.46,100.0,2025-11-15
AILOG00355,Voice Solution,425,1.83,89.22,88.56,94.1,100.0,2026-03-08
AILOG00356,Voice Solution,437,2.56,84.61,85.45,92.33,97.207,2026-03-20
AILOG00357,Sherpa AI,446,1.8,87.57,83.09,94.51,99.366,2026-06-30
AILOG00358,Voice Solution,480,2.17,89.1,92.55,94.25,99.332,2025-12-16
AILOG00359,Voice Solution,391,2.16,95.96,89.96,91.64,99.7,2026-06-22
AILOG00360,Sherpa AI,499,1.59,86.63,94.49,96.5,98.58,2026-01-11
AILOG00361,Sherpa AI,235,0.25,89.91,89.7,89.63,99.663,2026-02-03
AILOG00362,Voice Solution,143,2.67,83.45,89.13,97.41,98.257,2026-03-12
AILOG00363,Sherpa AI,35,2.08,90.53,84.9,94.99,99.814,2025-12-02
AILOG00364,Voice Solution,145,0.99,88.8,87.5,95.76,98.476,2025-12-07
AILOG00365,Sherpa AI,33,2.04,88.42,82.82,89.05,99.912,2026-03-06
AILOG00366,Sherpa AI,58,1.93,92.81,94.16,93.85,99.887,2026-03-18
AILOG00367,Sherpa AI,218,2.65,85.91,84.73,98.6,99.133,2026-02-08
AILOG00368,Sherpa AI,127,2.11,95.3,90.88,93.56,99.519,2026-06-30
AILOG00369,Voice Solution,287,2.11,85.58,89.01,94.39,99.298,2026-07-03
AILOG00370,Voice Solution,487,1.93,95.15,91.55,90.57,98.561,2025-11-27
AILOG00371,Voice Solution,372,1.3,81.82,90.14,89.68,99.581,2026-05-28
AILOG00372,Voice Solution,330,2.24,90.38,84.71,94.69,99.894,2026-02-07
AILOG00373,Voice Solution,409,1.78,91.75,88.67,91.97,99.139,2026-03-17
AILOG00374,Sherpa AI,59,1.18,87.38,95.07,92.34,99.619,2026-05-06
AILOG00375,Sherpa AI,366,1.37,90.25,86.71,94.19,98.861,2025-12-06
AILOG00376,Voice Solution,288,1.06,87.36,94.63,96.06,99.759,2026-02-26
AILOG00377,Sherpa AI,88,2.49,91.01,92.65,95.58,99.305,2026-04-07
AILOG00378,Sherpa AI,171,3.09,90.13,90.56,94.3,99.293,2026-04-18
AILOG00379,Voice Solution,477,2.55,98.98,87.04,96.66,99.535,2025-12-25
AILOG00380,Voice Solution,206,2.04,82.8,91.09,97.13,100.0,2026-01-23
AILOG00381,Voice Solution,449,1.76,89.9,87.96,93.61,99.563,2025-11-06
AILOG00382,Voice Solution,371,1.61,87.11,94.42,99.0,98.759,2026-07-14
AILOG00383,Sherpa AI,476,1.16,89.56,84.85,90.74,98.941,2026-05-17
AILOG00384,Sherpa AI,260,3.07,88.39,91.23,89.4,99.264,2026-04-01
AILOG00385,Voice Solution,246,1.13,87.43,90.12,98.15,99.548,2026-04-19
AILOG00386,Sherpa AI,447,1.25,86.65,91.31,91.9,98.719,2026-07-06
AILOG00387,Voice Solution,223,1.67,92.21,92.87,85.98,99.475,2026-07-07
AILOG00388,Sherpa AI,286,1.73,87.32,86.45,93.02,99.745,2026-03-30
AILOG00389,Sherpa AI,137,2.19,88.9,86.44,97.69,99.05,2026-05-29
AILOG00390,Voice Solution,336,1.36,89.84,90.86,93.08,100.0,2026-06-16
AILOG00391,Sherpa AI,311,0.51,85.74,93.86,88.67,98.929,2026-07-02
AILOG00392,Voice Solution,475,1.65,91.74,89.0,93.13,99.401,2026-03-21
AILOG00393,Voice Solution,413,1.69,84.69,95.75,93.44,98.256,2026-02-28
AILOG00394,Sherpa AI,481,1.64,91.22,88.8,92.99,99.142,2026-04-29
AILOG00395,Voice Solution,241,1.63,90.81,87.15,91.84,99.226,2026-03-05
AILOG00396,Voice Solution,404,1.57,88.4,91.82,91.98,99.086,2026-06-30
AILOG00397,Sherpa AI,82,0.94,84.07,87.82,96.18,98.931,2026-05-31
AILOG00398,Voice Solution,415,2.75,89.03,87.87,92.26,99.041,2025-11-17
AILOG00399,Voice Solution,24,2.71,84.35,91.04,94.48,99.617,2025-11-16
AILOG00400,Voice Solution,353,2.71,88.5,93.73,94.47,98.341,2026-07-15
AILOG00401,Voice Solution,311,1.03,92.55,91.21,92.15,98.37,2025-12-16
AILOG00402,Voice Solution,164,2.06,88.93,90.43,91.74,99.054,2026-07-16
AILOG00403,Voice Solution,461,1.53,94.64,97.69,94.21,99.239,2026-03-23
AILOG00404,Sherpa AI,169,1.49,90.33,92.79,89.04,98.909,2025-11-13
AILOG00405,Sherpa AI,178,1.2,92.48,88.65,99.98,99.332,2025-12-15
AILOG00406,Voice Solution,429,3.47,92.23,94.41,92.28,99.61,2025-12-17
AILOG00407,Voice Solution,288,1.64,95.33,89.04,92.83,99.789,2025-11-16
AILOG00408,Sherpa AI,466,1.2,83.13,92.41,96.21,99.962,2026-02-15
AILOG00409,Sherpa AI,470,1.89,86.65,92.16,93.49,98.638,2025-11-03
AILOG00410,Voice Solution,338,2.3,89.13,90.01,92.75,98.914,2026-02-12
AILOG00411,Sherpa AI,30,1.71,92.6,87.1,89.99,98.861,2026-02-03
AILOG00412,Voice Solution,88,1.96,89.76,89.89,94.31,99.806,2026-03-13
AILOG00413,Sherpa AI,211,2.45,88.97,88.1,92.36,98.984,2026-05-20
AILOG00414,Voice Solution,121,1.18,93.64,91.05,100.0,99.454,2026-07-12
AILOG00415,Sherpa AI,471,1.92,87.48,91.69,93.38,98.593,2026-05-02
AILOG00416,Voice Solution,51,1.38,87.27,82.12,87.2,98.978,2026-03-30
AILOG00417,Sherpa AI,221,1.3,91.34,91.35,96.85,98.852,2025-12-07
AILOG00418,Voice Solution,285,2.94,99.77,99.9,91.0,99.642,2026-03-19
AILOG00419,Voice Solution,127,1.74,88.91,88.73,94.32,98.677,2026-02-08
AILOG00420,Sherpa AI,73,1.11,86.09,93.96,98.21,100.0,2026-06-24
AILOG00421,Sherpa AI,458,1.73,86.45,92.97,93.07,99.408,2026-01-23
AILOG00422,Sherpa AI,357,1.01,87.35,83.43,93.39,98.936,2025-12-03
AILOG00423,Voice Solution,209,1.66,94.97,91.99,96.8,99.471,2026-03-01
AILOG00424,Sherpa AI,258,1.36,87.35,86.64,98.28,98.893,2025-11-30
AILOG00425,Sherpa AI,458,2.13,90.37,89.21,93.59,98.769,2025-12-04
AILOG00426,Voice Solution,362,3.06,88.59,84.16,100.0,99.649,2026-03-13
AILOG00427,Sherpa AI,357,1.69,83.09,91.77,88.78,99.984,2026-05-27
AILOG00428,Sherpa AI,310,1.38,87.53,88.64,91.29,99.49,2026-03-20
AILOG00429,Sherpa AI,342,1.86,77.86,95.38,92.57,98.686,2026-01-15
AILOG00430,Sherpa AI,340,2.77,89.79,84.56,97.17,98.892,2026-01-14
AILOG00431,Sherpa AI,292,2.14,91.2,93.63,94.69,100.0,2025-12-28
AILOG00432,Sherpa AI,61,1.71,85.19,91.69,91.97,99.697,2026-02-06
AILOG00433,Sherpa AI,462,0.46,86.56,86.57,90.62,98.736,2026-03-05
AILOG00434,Sherpa AI,217,1.77,82.97,83.82,89.52,98.943,2026-03-14
AILOG00435,Sherpa AI,396,2.3,79.03,88.84,95.55,99.394,2026-06-14
AILOG00436,Sherpa AI,140,2.42,82.22,90.95,92.83,99.228,2026-05-19
AILOG00437,Voice Solution,414,2.65,91.93,85.74,97.04,100.0,2025-12-07
AILOG00438,Voice Solution,353,1.36,87.59,86.2,89.7,98.934,2026-03-18
AILOG00439,Sherpa AI,303,1.54,89.94,93.96,95.28,99.6,2026-05-27
AILOG00440,Sherpa AI,314,1.72,98.18,86.87,93.87,99.449,2026-05-13
AILOG00441,Voice Solution,201,2.26,93.49,92.32,92.16,98.47,2025-12-26
AILOG00442,Voice Solution,119,1.63,91.43,94.88,92.38,98.103,2026-01-26
AILOG00443,Voice Solution,30,2.14,86.82,86.78,94.31,99.108,2026-02-03
AILOG00444,Sherpa AI,390,1.55,96.02,85.0,93.91,99.509,2026-05-15
AILOG00445,Sherpa AI,252,1.34,94.56,93.49,91.33,100.0,2026-05-11
AILOG00446,Sherpa AI,461,2.52,93.02,88.8,95.55,98.909,2026-03-24
AILOG00447,Voice Solution,136,2.0,88.98,88.24,97.62,99.537,2025-11-10
AILOG00448,Voice Solution,443,2.29,84.84,95.71,93.27,99.155,2026-06-29
AILOG00449,Voice Solution,407,1.67,95.83,88.93,95.75,100.0,2026-03-29
AILOG00450,Voice Solution,83,2.32,92.92,91.11,93.52,99.28,2026-03-20
AILOG00451,Sherpa AI,195,1.11,88.08,83.55,100.0,99.08,2025-11-13
AILOG00452,Voice Solution,473,1.21,87.75,89.69,94.04,99.385,2026-07-12
AILOG00453,Voice Solution,102,2.41,83.5,86.47,96.1,99.396,2026-01-20
AILOG00454,Voice Solution,434,1.75,92.42,87.97,97.5,99.998,2026-05-29
AILOG00455,Voice Solution,21,1.64,89.77,87.74,92.08,99.303,2026-06-08
AILOG00456,Voice Solution,318,1.2,90.79,95.21,96.12,99.515,2025-12-29
AILOG00457,Voice Solution,236,2.32,93.19,87.35,96.59,98.473,2026-03-08
AILOG00458,Voice Solution,261,3.01,92.25,87.86,95.29,98.722,2025-11-29
AILOG00459,Voice Solution,316,2.19,85.06,96.14,96.29,99.112,2026-01-07
AILOG00460,Voice Solution,79,1.51,89.1,88.57,92.06,99.352,2026-05-26
AILOG00461,Sherpa AI,387,2.7,90.86,87.52,100.0,98.919,2026-04-24
AILOG00462,Sherpa AI,222,2.03,91.2,94.4,86.8,99.442,2026-06-06
AILOG00463,Voice Solution,449,1.52,81.84,90.06,91.48,99.038,2026-04-09
AILOG00464,Sherpa AI,59,2.63,84.47,90.35,89.99,100.0,2026-07-02
AILOG00465,Sherpa AI,334,1.68,91.96,91.2,99.17,99.197,2026-07-11
AILOG00466,Voice Solution,64,0.86,91.89,95.36,93.61,99.515,2026-05-08
AILOG00467,Voice Solution,317,1.59,96.24,85.86,91.17,99.191,2026-03-10
AILOG00468,Voice Solution,138,2.15,82.02,94.58,92.18,99.253,2025-11-03
AILOG00469,Voice Solution,424,1.33,93.04,84.03,89.43,99.573,2025-12-13
AILOG00470,Sherpa AI,150,0.58,90.69,86.74,95.88,99.369,2026-03-13
AILOG00471,Voice Solution,469,2.76,84.27,86.41,96.18,99.039,2026-04-27
AILOG00472,Sherpa AI,414,3.75,81.05,89.44,94.91,99.468,2025-11-24
AILOG00473,Voice Solution,299,1.49,93.23,87.0,91.85,99.221,2025-11-22
AILOG00474,Sherpa AI,69,1.39,84.57,95.08,98.58,99.591,2025-11-03
AILOG00475,Sherpa AI,107,0.92,83.09,92.08,96.35,99.874,2026-04-07
AILOG00476,Sherpa AI,40,1.27,91.04,89.94,88.77,99.796,2025-11-04
AILOG00477,Sherpa AI,428,0.81,88.96,86.49,93.42,98.769,2026-02-15
AILOG00478,Voice Solution,407,0.95,91.59,95.61,90.53,97.786,2026-06-20
AILOG00479,Sherpa AI,251,1.8,90.94,90.39,98.42,100.0,2026-06-26
AILOG00480,Voice Solution,400,0.77,99.9,89.0,92.65,99.562,2026-01-11
AILOG00481,Sherpa AI,62,0.85,92.26,89.46,89.86,99.489,2026-01-27
AILOG00482,Voice Solution,450,1.93,91.97,89.11,93.56,98.944,2025-11-16
AILOG00483,Voice Solution,42,1.4,85.03,93.38,98.77,98.275,2026-01-30
AILOG00484,Sherpa AI,463,2.03,96.03,94.52,96.59,98.299,2025-11-20
AILOG00485,Voice Solution,235,1.58,86.73,86.3,92.44,99.131,2026-05-31
AILOG00486,Voice Solution,296,1.68,84.9,87.39,93.48,99.377,2026-01-23
AILOG00487,Voice Solution,213,2.31,88.05,87.59,96.98,100.0,2026-03-06
AILOG00488,Sherpa AI,234,1.44,90.98,91.28,98.18,99.422,2025-12-21
AILOG00489,Sherpa AI,198,2.26,86.92,93.99,89.35,99.635,2025-11-18
AILOG00490,Sherpa AI,162,1.53,85.06,84.51,94.46,99.034,2026-02-25
AILOG00491,Sherpa AI,333,1.27,84.96,85.81,92.94,99.071,2026-03-04
AILOG00492,Voice Solution,45,1.1,89.93,88.63,92.54,98.563,2025-11-28
AILOG00493,Voice Solution,237,0.72,91.52,92.14,98.03,98.686,2026-03-21
AILOG00494,Sherpa AI,495,0.99,91.89,86.24,89.94,98.681,2025-11-06
AILOG00495,Sherpa AI,78,0.65,82.0,88.46,96.42,99.118,2026-04-06
AILOG00496,Voice Solution,365,1.15,85.26,87.11,87.15,98.468,2026-02-14
AILOG00497,Voice Solution,64,2.33,93.19,93.03,91.82,98.894,2026-02-27
AILOG00498,Voice Solution,469,1.79,87.09,89.56,94.1,99.28,2026-03-17
AILOG00499,Voice Solution,438,1.55,89.91,87.09,90.07,98.098,2025-11-29
AILOG00500,Voice Solution,243,1.35,99.9,85.29,100.0,100.0,2026-04-15
AILOG00501,Voice Solution,369,1.75,78.85,88.42,91.85,100.0,2026-01-04
AILOG00502,Voice Solution,275,1.82,88.42,88.94,91.61,99.816,2025-12-26
AILOG00503,Voice Solution,129,1.08,92.19,93.39,91.92,99.496,2026-02-04
AILOG00504,Sherpa AI,339,2.1,84.58,94.07,95.75,99.463,2026-06-03
AILOG00505,Sherpa AI,359,1.59,88.39,85.27,96.72,99.566,2026-06-19
AILOG00506,Voice Solution,269,1.99,83.6,93.94,92.69,99.343,2025-12-28
AILOG00507,Voice Solution,96,1.78,91.6,92.85,94.95,99.391,2026-05-03
AILOG00508,Sherpa AI,302,0.88,85.98,87.88,95.18,98.469,2026-05-28
AILOG00509,Voice Solution,106,2.65,87.06,93.03,89.68,99.358,2026-04-12
AILOG00510,Sherpa AI,269,1.79,93.04,86.83,93.64,99.549,2026-01-28
AILOG00511,Voice Solution,227,1.56,91.5,91.62,92.11,99.469,2026-02-05
AILOG00512,Sherpa AI,178,2.18,93.38,99.7,89.33,99.874,2026-01-14
AILOG00513,Voice Solution,31,1.05,96.91,90.92,94.64,100.0,2026-01-27
AILOG00514,Voice Solution,244,0.78,89.33,88.63,97.04,99.037,2025-11-06
AILOG00515,Sherpa AI,377,2.16,98.53,84.74,94.13,98.733,2026-04-05
AILOG00516,Sherpa AI,320,2.55,89.87,90.33,86.28,99.928,2026-01-02
AILOG00517,Voice Solution,403,1.99,94.93,93.99,92.63,99.633,2025-11-29
AILOG00518,Sherpa AI,51,2.32,88.87,87.16,91.32,99.014,2026-05-10
AILOG00519,Voice Solution,73,0.98,92.78,92.16,99.34,99.188,2026-05-23
AILOG00520,Sherpa AI,469,1.57,87.08,88.95,92.98,99.148,2025-11-27
AILOG00521,Voice Solution,261,1.37,95.03,88.41,89.16,99.435,2026-01-24
AILOG00522,Voice Solution,388,2.47,94.18,91.96,93.86,100.0,2026-05-29
AILOG00523,Sherpa AI,134,2.12,88.04,82.43,95.91,98.852,2026-03-18
AILOG00524,Voice Solution,490,2.47,89.7,89.23,94.3,99.446,2026-04-21
AILOG00525,Voice Solution,307,1.4,84.75,93.95,91.59,99.428,2026-04-05
AILOG00526,Voice Solution,418,1.06,93.19,89.26,92.62,98.307,2026-06-17
AILOG00527,Voice Solution,123,2.66,92.78,90.03,96.3,100.0,2026-04-28
AILOG00528,Sherpa AI,330,1.82,83.45,89.47,94.3,99.405,2026-07-05
AILOG00529,Voice Solution,316,2.49,98.77,97.65,100.0,99.878,2026-04-11
AILOG00530,Sherpa AI,146,1.76,90.79,91.54,94.29,98.491,2026-04-12
AILOG00531,Voice Solution,59,3.23,87.95,84.9,89.42,100.0,2026-06-06
AILOG00532,Voice Solution,91,2.57,94.39,86.54,93.4,99.124,2026-01-15
AILOG00533,Voice Solution,254,1.7,86.65,90.38,92.31,98.148,2026-05-23
AILOG00534,Sherpa AI,389,1.81,94.88,95.03,89.34,98.589,2026-06-04
AILOG00535,Voice Solution,452,1.82,83.71,92.64,94.39,98.686,2026-06-11
AILOG00536,Voice Solution,489,1.06,88.0,93.97,92.75,98.913,2026-05-12
AILOG00537,Voice Solution,266,1.49,88.61,85.48,94.45,98.655,2026-05-11
AILOG00538,Sherpa AI,313,1.44,86.55,92.52,99.49,99.705,2026-07-18
AILOG00539,Voice Solution,266,1.95,85.68,87.05,93.61,99.39,2026-05-11
AILOG00540,Sherpa AI,331,1.27,86.81,89.52,97.07,99.556,2026-02-12
AILOG00541,Voice Solution,53,1.7,86.6,93.4,93.43,99.515,2026-05-23
AILOG00542,Voice Solution,148,1.56,86.89,87.73,95.25,99.177,2026-05-03
AILOG00543,Voice Solution,29,1.85,95.45,84.24,94.36,98.52,2026-06-05
AILOG00544,Voice Solution,187,2.75,90.95,88.53,94.8,98.544,2026-01-30
AILOG00545,Voice Solution,291,2.51,88.6,90.48,93.61,98.566,2026-05-17
AILOG00546,Sherpa AI,235,0.95,92.44,92.73,98.35,98.754,2025-12-09
AILOG00547,Voice Solution,449,1.77,88.57,86.44,95.9,100.0,2026-05-16
AILOG00548,Voice Solution,427,1.6,85.43,87.78,94.35,98.552,2026-01-18
AILOG00549,Voice Solution,259,1.38,81.77,90.86,96.73,100.0,2026-06-05
AILOG00550,Voice Solution,33,3.2,93.45,92.18,94.39,98.773,2026-02-02
AILOG00551,Voice Solution,109,1.46,78.98,90.81,97.35,98.622,2026-04-21
AILOG00552,Sherpa AI,442,1.5,82.21,89.41,90.46,99.511,2025-12-13
AILOG00553,Voice Solution,37,2.94,91.27,87.04,100.0,99.934,2026-03-12
AILOG00554,Sherpa AI,359,2.43,88.92,93.55,94.52,98.488,2026-01-16
AILOG00555,Voice Solution,188,1.51,95.57,94.85,90.58,99.255,2026-06-20
AILOG00556,Voice Solution,75,2.29,86.1,87.66,96.25,99.894,2025-12-09
AILOG00557,Voice Solution,183,1.64,92.46,88.1,97.88,99.755,2025-12-24
AILOG00558,Voice Solution,171,1.69,88.21,92.73,90.93,98.528,2026-03-31
AILOG00559,Voice Solution,109,1.28,91.47,90.67,92.58,99.198,2026-05-07
AILOG00560,Voice Solution,304,0.25,89.76,92.33,97.04,98.495,2026-05-05
AILOG00561,Voice Solution,41,0.87,91.27,91.08,95.69,99.487,2026-03-15
AILOG00562,Sherpa AI,286,1.08,89.97,91.52,92.68,99.383,2026-04-22
AILOG00563,Voice Solution,316,2.07,90.32,88.37,93.25,99.583,2026-02-23
AILOG00564,Sherpa AI,452,1.9,84.1,82.01,90.25,98.822,2026-06-09
AILOG00565,Voice Solution,265,2.51,89.34,90.77,91.04,98.95,2025-12-09
AILOG00566,Sherpa AI,158,1.02,91.71,92.76,88.98,99.794,2026-06-30
AILOG00567,Voice Solution,71,2.96,88.77,91.14,92.95,99.815,2026-06-09
AILOG00568,Voice Solution,86,2.9,88.54,87.02,96.03,100.0,2026-03-26
AILOG00569,Sherpa AI,104,1.82,80.53,87.68,93.2,100.0,2026-04-13
AILOG00570,Voice Solution,269,1.35,95.9,99.83,97.35,98.476,2026-07-17
AILOG00571,Sherpa AI,350,1.39,82.85,91.41,92.06,99.912,2026-05-09
AILOG00572,Sherpa AI,411,1.93,86.22,80.61,89.53,99.283,2026-06-10
AILOG00573,Voice Solution,434,3.02,85.45,87.7,97.46,99.664,2026-04-23
AILOG00574,Sherpa AI,142,1.74,90.34,89.13,95.1,99.131,2026-01-31
AILOG00575,Sherpa AI,221,0.77,90.54,85.05,97.68,98.843,2026-02-14
AILOG00576,Sherpa AI,25,3.03,91.97,89.48,92.99,99.158,2026-07-03
AILOG00577,Sherpa AI,356,1.54,92.17,88.03,98.77,99.332,2025-12-13
AILOG00578,Voice Solution,218,2.74,96.76,90.78,90.77,99.445,2026-07-16
AILOG00579,Voice Solution,243,2.21,87.63,88.86,93.14,99.787,2026-01-25
AILOG00580,Sherpa AI,32,1.7,85.26,87.2,95.22,98.781,2026-02-05
AILOG00581,Voice Solution,25,2.43,87.94,88.64,92.59,98.738,2026-01-02
AILOG00582,Voice Solution,470,1.32,84.03,93.39,94.68,98.485,2026-02-11
AILOG00583,Voice Solution,430,1.61,87.45,90.26,97.74,99.189,2026-07-12
AILOG00584,Sherpa AI,140,1.46,82.02,89.14,95.13,98.863,2025-11-01
AILOG00585,Voice Solution,64,1.67,85.24,91.4,93.46,99.134,2026-04-03
AILOG00586,Sherpa AI,381,2.16,81.41,89.99,97.68,99.312,2025-12-05
AILOG00587,Voice Solution,45,2.15,94.44,85.57,95.54,98.409,2025-11-27
AILOG00588,Voice Solution,23,0.79,89.5,92.75,93.98,99.022,2026-06-12
AILOG00589,Sherpa AI,312,1.45,97.46,87.5,93.76,99.481,2026-05-06
AILOG00590,Sherpa AI,296,1.56,94.0,88.63,92.9,99.334,2026-04-08
AILOG00591,Voice Solution,303,2.18,94.44,83.95,96.53,99.113,2026-01-08
AILOG00592,Voice Solution,229,0.89,88.37,93.29,96.64,99.282,2026-04-14
AILOG00593,Voice Solution,307,2.26,91.21,90.5,97.8,99.164,2026-07-16
AILOG00594,Sherpa AI,378,1.07,84.97,91.14,95.29,98.802,2026-02-10
AILOG00595,Voice Solution,200,1.96,86.6,93.26,92.37,98.717,2026-05-12
AILOG00596,Voice Solution,272,2.52,89.06,93.29,94.99,100.0,2026-07-17
AILOG00597,Sherpa AI,436,1.0,81.17,87.18,92.31,99.614,2025-11-21
AILOG00598,Voice Solution,301,1.96,86.72,90.05,94.49,99.841,2025-12-15
AILOG00599,Voice Solution,164,1.68,92.57,89.66,98.23,99.602,2026-04-20
AILOG00600,Sherpa AI,459,1.16,86.79,89.28,97.54,99.996,2026-04-27
AILOG00601,Sherpa AI,135,1.0,85.69,86.78,96.72,99.587,2026-06-11
AILOG00602,Sherpa AI,368,1.34,87.27,95.7,93.93,98.248,2025-11-24
AILOG00603,Voice Solution,487,1.27,92.37,94.06,96.69,98.881,2026-01-23
AILOG00604,Sherpa AI,49,1.67,90.62,91.77,92.08,99.418,2025-12-30
AILOG00605,Sherpa AI,396,1.52,87.99,95.43,89.61,99.404,2026-03-02
AILOG00606,Voice Solution,261,2.08,89.08,91.9,94.82,99.366,2025-11-05
AILOG00607,Sherpa AI,24,2.33,92.86,88.79,92.87,98.742,2026-04-03
AILOG00608,Voice Solution,393,0.81,94.88,88.31,99.35,99.019,2026-01-25
AILOG00609,Sherpa AI,281,1.64,86.86,91.54,98.9,99.424,2026-01-14
AILOG00610,Sherpa AI,125,1.18,88.63,84.49,91.93,99.318,2026-05-10
AILOG00611,Sherpa AI,143,1.09,94.6,93.47,96.08,99.688,2026-07-10
AILOG00612,Voice Solution,465,0.78,91.35,83.49,88.08,98.763,2026-01-07
AILOG00613,Sherpa AI,413,0.73,82.69,94.41,95.02,99.543,2026-03-26
AILOG00614,Voice Solution,345,1.46,84.98,91.99,94.94,99.014,2026-03-02
AILOG00615,Sherpa AI,157,2.06,85.12,97.8,91.02,99.122,2025-12-12
AILOG00616,Sherpa AI,125,2.05,87.13,90.72,94.5,99.272,2026-03-30
AILOG00617,Voice Solution,232,1.12,90.66,92.62,91.22,98.434,2026-01-01
AILOG00618,Voice Solution,319,1.05,97.48,92.79,96.56,99.364,2026-07-13
AILOG00619,Sherpa AI,75,1.96,88.63,86.46,94.56,99.929,2026-03-11
AILOG00620,Voice Solution,151,1.52,91.97,85.73,98.48,98.692,2025-11-20
AILOG00621,Sherpa AI,288,2.38,94.1,86.26,89.41,100.0,2026-05-18
AILOG00622,Voice Solution,141,1.08,95.69,89.87,91.4,98.976,2026-06-09
AILOG00623,Sherpa AI,221,0.59,94.11,89.97,92.54,99.595,2026-03-11
AILOG00624,Voice Solution,227,2.2,85.64,90.14,95.47,98.638,2026-04-20
AILOG00625,Voice Solution,294,0.57,82.47,91.98,94.81,100.0,2026-03-25
AILOG00626,Sherpa AI,473,0.86,86.17,87.03,95.28,98.77,2026-04-30
AILOG00627,Sherpa AI,109,1.37,89.76,93.36,92.05,99.404,2026-04-10
AILOG00628,Voice Solution,209,1.61,85.66,91.72,88.29,99.032,2025-12-30
AILOG00629,Sherpa AI,284,2.19,81.69,96.32,91.72,99.275,2026-06-03
AILOG00630,Voice Solution,65,1.14,83.53,91.72,98.22,99.356,2026-01-07
AILOG00631,Sherpa AI,331,2.66,99.9,89.72,92.14,99.137,2026-05-11
AILOG00632,Voice Solution,349,0.81,88.01,98.59,94.53,98.96,2026-06-13
AILOG00633,Voice Solution,59,1.56,97.1,89.66,94.18,99.276,2026-05-16
AILOG00634,Voice Solution,86,2.34,87.94,91.16,94.55,99.266,2026-04-10
AILOG00635,Voice Solution,132,2.37,92.57,91.74,89.99,99.462,2026-07-07
AILOG00636,Sherpa AI,358,0.25,88.36,93.72,96.45,99.542,2026-02-19
AILOG00637,Sherpa AI,81,3.56,89.03,90.34,93.7,99.705,2025-12-29
AILOG00638,Voice Solution,246,1.59,92.5,99.9,100.0,99.581,2025-12-03
AILOG00639,Voice Solution,193,1.98,87.19,87.71,92.88,99.366,2025-12-11
AILOG00640,Sherpa AI,153,1.58,83.63,95.96,96.93,99.172,2026-04-10
AILOG00641,Voice Solution,304,3.19,85.38,84.15,92.84,98.534,2025-11-29
AILOG00642,Voice Solution,294,2.64,85.35,86.06,99.76,99.378,2026-07-13
AILOG00643,Voice Solution,133,3.17,89.38,83.78,96.19,99.847,2026-05-04
AILOG00644,Voice Solution,127,2.11,80.47,86.3,90.14,98.916,2026-06-12
AILOG00645,Voice Solution,162,2.39,90.37,83.46,98.22,98.966,2026-06-09
AILOG00646,Sherpa AI,76,1.12,94.7,90.43,96.33,99.953,2026-01-25
AILOG00647,Voice Solution,313,1.63,86.71,86.43,92.6,100.0,2026-01-05
AILOG00648,Sherpa AI,296,2.39,86.05,96.06,89.16,98.883,2026-02-22
AILOG00649,Voice Solution,70,2.01,97.85,92.01,97.59,100.0,2026-02-05
AILOG00650,Sherpa AI,442,1.87,95.62,90.27,99.18,99.509,2026-03-04
AILOG00651,Voice Solution,490,1.3,90.92,91.06,97.36,99.762,2026-04-05
AILOG00652,Sherpa AI,295,2.56,85.64,92.58,96.61,99.124,2026-02-18
AILOG00653,Voice Solution,253,2.55,91.63,94.77,95.67,99.429,2025-12-23
AILOG00654,Voice Solution,261,2.48,84.46,88.01,97.18,99.513,2026-04-23
AILOG00655,Sherpa AI,277,1.99,83.05,87.27,93.21,98.85,2026-04-16
AILOG00656,Voice Solution,256,1.81,91.03,91.66,88.56,100.0,2026-01-15
AILOG00657,Sherpa AI,51,2.53,86.85,96.28,96.28,99.28,2026-06-02
AILOG00658,Sherpa AI,386,2.41,79.9,84.55,95.18,99.05,2026-05-01
AILOG00659,Voice Solution,367,1.22,91.64,91.6,89.79,98.721,2025-12-15
AILOG00660,Voice Solution,267,2.01,95.57,95.16,87.42,99.581,2026-03-31
AILOG00661,Voice Solution,151,2.23,91.97,92.46,94.24,99.428,2026-02-25
AILOG00662,Sherpa AI,282,1.36,86.76,91.33,93.53,98.812,2026-03-02
AILOG00663,Voice Solution,278,2.39,79.37,92.16,93.28,99.37,2026-04-19
AILOG00664,Sherpa AI,300,2.27,89.66,97.21,95.74,99.544,2026-04-15
AILOG00665,Sherpa AI,387,1.53,86.04,93.18,91.76,99.103,2026-03-29
AILOG00666,Voice Solution,269,0.92,84.94,83.8,96.06,99.487,2026-01-13
AILOG00667,Sherpa AI,284,2.18,80.24,89.66,96.08,99.302,2026-03-29
AILOG00668,Voice Solution,234,3.08,97.45,90.35,86.02,99.19,2025-11-25
AILOG00669,Voice Solution,234,1.97,84.06,94.1,93.79,98.82,2025-12-31
AILOG00670,Sherpa AI,301,2.22,80.8,90.33,94.6,99.4,2025-12-24
AILOG00671,Voice Solution,339,1.04,96.63,90.06,96.24,98.263,2026-06-11
AILOG00672,Voice Solution,37,1.77,89.14,90.17,95.65,100.0,2026-06-07
AILOG00673,Sherpa AI,491,1.73,88.44,90.96,88.75,99.894,2026-04-19
AILOG00674,Sherpa AI,366,1.22,90.39,89.63,94.29,98.788,2026-05-08
AILOG00675,Voice Solution,21,2.09,90.96,88.32,93.22,98.581,2025-12-02
AILOG00676,Sherpa AI,20,2.06,89.96,89.41,97.22,99.885,2025-12-23
AILOG00677,Voice Solution,323,1.61,82.22,91.22,90.4,99.217,2026-03-19
AILOG00678,Sherpa AI,483,1.79,81.87,92.48,93.99,99.33,2025-12-17
AILOG00679,Sherpa AI,466,3.13,85.72,99.9,96.61,99.312,2026-01-29
AILOG00680,Voice Solution,382,1.4,86.7,84.68,96.28,98.643,2025-12-06
AILOG00681,Voice Solution,235,1.06,87.38,92.35,93.54,99.693,2026-06-13
AILOG00682,Sherpa AI,183,1.05,90.03,95.9,97.54,99.524,2025-12-12
AILOG00683,Sherpa AI,210,1.96,87.74,86.91,91.81,99.309,2026-06-16
AILOG00684,Voice Solution,94,0.25,85.94,92.74,96.2,98.166,2026-05-05
AILOG00685,Voice Solution,45,1.47,90.78,88.54,96.69,99.552,2026-06-23
AILOG00686,Voice Solution,281,1.17,92.21,87.93,89.9,99.489,2026-03-02
AILOG00687,Voice Solution,301,1.76,85.36,87.07,97.91,99.253,2026-02-25
AILOG00688,Sherpa AI,240,1.77,82.84,89.64,89.05,99.783,2025-12-09
AILOG00689,Voice Solution,62,2.02,89.81,89.49,95.12,99.864,2026-04-11
AILOG00690,Sherpa AI,141,2.2,87.11,93.01,92.59,99.468,2026-02-17
AILOG00691,Sherpa AI,148,2.54,92.76,84.22,97.04,98.544,2025-11-14
AILOG00692,Sherpa AI,284,1.57,84.57,93.4,94.99,98.667,2026-04-15
AILOG00693,Voice Solution,302,1.37,83.57,93.31,99.37,98.951,2026-02-20
AILOG00694,Sherpa AI,90,2.35,86.15,91.24,97.41,99.176,2026-06-22
AILOG00695,Sherpa AI,392,0.72,91.34,99.15,94.4,99.721,2026-05-21
AILOG00696,Voice Solution,393,2.29,87.42,94.93,97.62,99.465,2026-03-19
AILOG00697,Voice Solution,278,1.89,88.6,88.0,93.69,99.217,2026-04-15
AILOG00698,Sherpa AI,464,2.09,86.77,85.24,90.73,99.614,2026-04-18
AILOG00699,Voice Solution,220,2.04,93.57,87.25,92.63,98.912,2026-07-15
AILOG00700,Sherpa AI,149,1.89,91.17,87.68,93.66,99.613,2026-03-04
AILOG00701,Voice Solution,399,1.92,82.15,82.69,84.68,99.414,2025-12-08
AILOG00702,Voice Solution,349,1.08,93.06,91.98,98.15,99.562,2026-07-07
AILOG00703,Voice Solution,100,1.38,91.66,84.74,93.71,99.723,2026-06-25
AILOG00704,Voice Solution,273,2.96,93.88,90.93,96.89,99.276,2026-02-06
AILOG00705,Voice Solution,434,2.24,86.62,93.75,94.48,98.304,2025-12-30
AILOG00706,Voice Solution,84,2.49,84.77,95.6,89.38,98.97,2025-11-19
AILOG00707,Voice Solution,397,1.58,88.63,88.99,94.24,99.691,2026-03-04
AILOG00708,Voice Solution,165,1.85,89.73,87.13,93.64,99.018,2026-06-14
AILOG00709,Voice Solution,153,2.14,94.33,95.35,91.94,98.968,2026-02-08
AILOG00710,Sherpa AI,121,2.58,91.86,96.03,92.83,99.331,2025-11-17
AILOG00711,Voice Solution,61,1.7,89.67,92.73,94.08,99.847,2026-07-06
AILOG00712,Sherpa AI,386,2.11,88.43,87.23,86.64,99.529,2026-01-19
AILOG00713,Sherpa AI,215,2.26,89.07,84.73,95.08,100.0,2026-01-24
AILOG00714,Voice Solution,379,2.41,87.23,94.46,95.81,99.501,2025-11-29
AILOG00715,Voice Solution,279,1.67,92.06,89.75,95.5,99.481,2026-03-14
AILOG00716,Sherpa AI,118,2.63,82.47,94.96,93.16,99.183,2026-05-13
AILOG00717,Sherpa AI,407,0.88,89.04,87.34,99.89,98.524,2026-02-27
AILOG00718,Voice Solution,84,1.07,93.7,94.43,95.53,99.374,2026-05-10
AILOG00719,Sherpa AI,316,2.11,83.89,95.63,92.75,99.321,2026-04-02
AILOG00720,Voice Solution,446,2.1,97.75,89.03,90.28,99.632,2026-03-12
AILOG00721,Voice Solution,242,1.65,84.15,91.23,89.91,99.452,2025-11-08
AILOG00722,Voice Solution,264,1.51,86.73,85.36,95.2,99.435,2026-03-14
AILOG00723,Voice Solution,202,1.52,93.62,85.46,96.17,99.868,2026-05-11
AILOG00724,Sherpa AI,422,1.22,95.53,91.27,94.37,99.169,2026-01-30
AILOG00725,Sherpa AI,168,1.77,90.61,87.84,93.83,99.719,2026-07-07
AILOG00726,Sherpa AI,461,0.79,90.49,90.96,92.98,99.944,2026-07-10
AILOG00727,Voice Solution,433,2.54,97.05,90.66,95.48,99.023,2026-01-02
AILOG00728,Voice Solution,135,2.05,82.84,92.61,91.67,99.096,2026-06-04
AILOG00729,Voice Solution,410,2.64,81.24,92.12,93.94,98.916,2026-03-14
AILOG00730,Voice Solution,472,1.9,80.34,93.68,94.28,98.621,2026-02-15
AILOG00731,Voice Solution,339,1.78,85.17,90.91,95.73,100.0,2026-04-10
AILOG00732,Sherpa AI,277,1.88,85.78,91.23,91.55,100.0,2026-07-16
AILOG00733,Voice Solution,390,1.35,90.71,89.99,90.99,99.405,2025-11-16
AILOG00734,Sherpa AI,470,0.99,93.53,94.2,94.15,99.135,2025-12-29
AILOG00735,Sherpa AI,403,1.16,93.09,97.36,94.62,100.0,2025-11-09
AILOG00736,Sherpa AI,98,1.52,92.96,93.0,93.98,99.601,2026-05-16
AILOG00737,Sherpa AI,250,1.23,84.69,91.99,85.86,98.923,2026-02-25
AILOG00738,Voice Solution,376,2.68,90.73,89.13,95.0,98.861,2025-11-10
AILOG00739,Voice Solution,138,1.34,85.7,90.97,100.0,99.709,2025-11-07
AILOG00740,Sherpa AI,93,2.06,91.7,88.42,96.75,99.492,2026-05-13
AILOG00741,Sherpa AI,28,2.18,89.19,87.54,88.13,99.861,2026-03-03
AILOG00742,Voice Solution,298,2.6,92.98,89.22,92.78,99.652,2026-01-02
AILOG00743,Sherpa AI,289,2.24,99.69,97.16,93.41,98.69,2025-11-04
AILOG00744,Sherpa AI,73,1.69,88.85,89.66,93.04,98.913,2026-07-08
AILOG00745,Voice Solution,399,2.91,84.03,96.49,90.28,98.861,2026-03-10
AILOG00746,Voice Solution,64,0.99,81.66,86.11,91.32,99.409,2026-01-14
AILOG00747,Sherpa AI,244,1.19,84.96,90.56,96.8,99.238,2026-07-12
AILOG00748,Voice Solution,35,1.94,93.8,92.88,96.24,99.072,2026-04-16
AILOG00749,Voice Solution,231,1.86,91.18,93.09,93.67,99.145,2026-05-20
AILOG00750,Voice Solution,219,2.33,90.04,85.67,96.84,99.637,2026-04-17
AILOG00751,Sherpa AI,260,1.9,90.72,85.14,92.03,99.21,2025-12-21
AILOG00752,Sherpa AI,121,2.04,92.24,92.48,92.97,98.959,2025-12-26
AILOG00753,Voice Solution,114,2.45,81.99,87.79,92.91,98.647,2026-01-12
AILOG00754,Voice Solution,384,1.89,93.44,92.54,89.35,98.849,2026-01-27
AILOG00755,Voice Solution,204,2.24,90.75,95.74,93.23,99.834,2025-12-22
AILOG00756,Voice Solution,155,1.31,82.52,87.38,98.91,98.966,2026-03-05
AILOG00757,Voice Solution,44,1.35,90.51,87.91,98.59,100.0,2026-01-02
AILOG00758,Voice Solution,444,2.37,83.14,81.9,94.35,99.615,2025-12-06
AILOG00759,Voice Solution,337,1.88,91.3,93.2,93.34,98.892,2025-11-09
AILOG00760,Sherpa AI,352,1.91,89.54,98.52,99.31,98.994,2026-06-29
AILOG00761,Voice Solution,421,1.35,84.46,85.01,93.26,98.246,2026-01-29
AILOG00762,Voice Solution,69,1.53,90.86,94.98,92.44,99.08,2026-05-24
AILOG00763,Voice Solution,188,1.99,92.64,95.34,96.87,100.0,2026-05-30
AILOG00764,Sherpa AI,309,1.6,86.42,93.14,88.87,100.0,2026-05-26
AILOG00765,Voice Solution,119,1.24,92.52,87.58,93.67,100.0,2026-02-02
AILOG00766,Voice Solution,389,1.25,87.75,89.03,93.8,99.605,2026-05-18
AILOG00767,Sherpa AI,100,1.39,92.93,92.21,95.55,99.211,2026-04-18
AILOG00768,Sherpa AI,31,1.58,88.57,92.09,92.22,99.349,2026-06-15
AILOG00769,Sherpa AI,227,1.62,94.28,89.0,93.49,99.572,2025-11-04
AILOG00770,Voice Solution,96,2.82,84.89,91.84,94.28,99.292,2026-02-06
AILOG00771,Voice Solution,94,2.4,85.02,88.56,93.24,98.907,2026-05-12
AILOG00772,Sherpa AI,481,1.99,85.45,89.55,93.44,99.264,2026-06-12
AILOG00773,Voice Solution,189,3.01,89.57,89.19,96.5,98.624,2026-01-06
AILOG00774,Voice Solution,330,1.72,88.31,94.38,95.74,99.597,2026-03-18
AILOG00775,Sherpa AI,367,2.11,90.29,84.29,95.55,98.846,2026-06-27
AILOG00776,Sherpa AI,462,2.01,83.76,92.6,89.07,99.585,2025-11-04
AILOG00777,Sherpa AI,198,2.11,85.77,91.44,95.29,98.76,2026-02-10
AILOG00778,Sherpa AI,107,1.31,94.72,80.92,91.48,99.217,2025-12-14
AILOG00779,Sherpa AI,456,1.6,90.67,93.48,99.97,99.437,2026-02-27
AILOG00780,Sherpa AI,484,1.27,91.81,93.98,93.97,99.218,2026-05-07
AILOG00781,Voice Solution,284,2.06,87.85,88.38,93.41,99.62,2026-06-19
AILOG00782,Sherpa AI,241,1.8,90.33,91.94,98.56,99.524,2026-05-09
AILOG00783,Voice Solution,22,0.58,86.86,91.07,97.63,99.089,2026-02-18
AILOG00784,Sherpa AI,137,2.13,80.67,98.93,93.29,99.005,2026-02-14
AILOG00785,Voice Solution,155,1.94,93.66,92.01,90.47,98.969,2026-04-14
AILOG00786,Voice Solution,485,2.91,89.82,90.42,88.71,98.898,2026-03-06
AILOG00787,Sherpa AI,206,2.4,85.71,94.38,90.86,100.0,2026-02-06
AILOG00788,Voice Solution,49,2.52,89.01,96.43,94.96,98.985,2026-02-28
AILOG00789,Sherpa AI,86,1.07,86.9,98.29,93.56,99.846,2026-03-23
AILOG00790,Sherpa AI,330,2.53,95.74,87.61,91.19,99.382,2026-05-14
AILOG00791,Voice Solution,437,1.67,92.02,91.72,92.82,99.122,2026-03-10
AILOG00792,Voice Solution,398,1.35,83.83,87.52,99.15,99.397,2026-02-12
AILOG00793,Voice Solution,318,0.28,83.22,99.28,97.36,99.427,2026-02-01
AILOG00794,Sherpa AI,431,2.65,90.13,90.19,99.26,98.421,2026-06-10
AILOG00795,Voice Solution,440,1.62,89.6,93.83,91.93,99.261,2026-05-19
AILOG00796,Voice Solution,236,1.72,91.33,89.34,96.42,99.303,2026-07-16
AILOG00797,Voice Solution,177,2.01,88.36,92.0,96.11,99.135,2025-11-10
AILOG00798,Sherpa AI,90,3.01,86.09,82.78,98.41,98.239,2026-04-20
AILOG00799,Sherpa AI,337,1.65,91.29,94.16,94.03,99.134,2026-02-09
AILOG00800,Voice Solution,129,1.79,91.67,95.21,91.65,100.0,2026-02-18
AILOG00801,Sherpa AI,304,2.43,94.66,87.63,91.29,99.575,2026-07-05
AILOG00802,Sherpa AI,390,1.62,92.31,82.76,93.96,98.774,2026-07-02
AILOG00803,Sherpa AI,277,1.26,85.23,95.93,94.23,99.747,2025-11-23
AILOG00804,Voice Solution,109,0.38,90.15,95.42,94.82,98.746,2026-06-13
AILOG00805,Sherpa AI,380,2.67,87.71,93.16,89.81,99.434,2025-11-21
AILOG00806,Voice Solution,76,1.96,84.75,89.26,97.88,99.439,2026-02-28
AILOG00807,Sherpa AI,460,2.15,80.95,88.88,89.94,99.116,2026-02-28
AILOG00808,Sherpa AI,317,1.48,99.11,95.34,97.87,99.821,2026-05-17
AILOG00809,Sherpa AI,68,2.24,86.48,88.72,93.03,99.677,2026-03-16
AILOG00810,Voice Solution,204,1.42,88.43,90.63,99.54,98.912,2026-01-16
AILOG00811,Sherpa AI,218,1.91,89.99,89.98,88.76,99.155,2025-12-28
AILOG00812,Voice Solution,37,1.87,89.5,91.31,97.53,98.872,2026-01-25
AILOG00813,Voice Solution,217,2.53,77.65,89.57,90.91,99.013,2025-11-01
AILOG00814,Voice Solution,251,2.22,88.25,90.04,90.69,99.625,2026-01-16
AILOG00815,Sherpa AI,46,1.39,96.97,97.17,98.97,99.293,2025-11-10
AILOG00816,Voice Solution,137,2.19,88.05,92.1,96.26,99.815,2026-01-08
AILOG00817,Voice Solution,73,1.56,96.36,91.53,89.57,98.51,2026-03-28
AILOG00818,Voice Solution,171,1.27,89.14,93.29,94.61,99.438,2026-01-01
AILOG00819,Sherpa AI,244,2.16,87.42,85.52,98.21,99.716,2025-11-13
AILOG00820,Sherpa AI,498,1.93,89.65,94.07,95.68,99.351,2026-05-05
AILOG00821,Sherpa AI,181,1.02,89.17,91.21,94.09,98.619,2026-04-14
AILOG00822,Voice Solution,169,1.47,89.07,87.53,97.45,98.775,2025-11-10
AILOG00823,Sherpa AI,235,2.28,86.38,89.62,95.11,99.754,2026-07-17
AILOG00824,Sherpa AI,338,2.05,82.86,92.13,89.02,99.034,2026-04-11
AILOG00825,Sherpa AI,439,2.08,91.53,90.34,94.29,98.91,2026-05-15
AILOG00826,Sherpa AI,367,3.0,89.43,94.34,95.45,99.131,2025-12-04
AILOG00827,Sherpa AI,359,2.45,96.49,86.99,94.67,99.173,2026-04-09
AILOG00828,Sherpa AI,336,1.72,88.85,85.5,92.79,99.893,2026-01-24
AILOG00829,Voice Solution,357,1.54,82.19,86.95,95.37,98.427,2025-12-28
AILOG00830,Voice Solution,61,1.36,90.45,88.36,94.55,99.588,2025-11-25
AILOG00831,Sherpa AI,371,1.5,89.34,90.54,88.02,100.0,2025-12-06
AILOG00832,Sherpa AI,180,0.76,87.06,88.67,90.02,99.773,2026-02-22
AILOG00833,Sherpa AI,93,1.01,91.78,85.25,94.93,100.0,2026-02-13
AILOG00834,Voice Solution,412,2.23,91.24,84.59,96.24,99.071,2026-02-01
AILOG00835,Voice Solution,394,2.8,83.61,84.89,91.67,99.746,2026-01-28
AILOG00836,Sherpa AI,44,1.84,86.89,88.85,96.21,99.257,2026-04-12
AILOG00837,Sherpa AI,416,1.34,93.92,86.76,95.5,99.041,2025-12-08
AILOG00838,Sherpa AI,322,0.25,84.59,88.46,93.43,98.19,2026-01-31
AILOG00839,Voice Solution,261,2.91,88.22,95.31,95.28,99.068,2026-02-27
AILOG00840,Voice Solution,397,0.93,90.02,85.32,95.21,99.833,2026-05-30
AILOG00841,Voice Solution,192,0.84,83.81,91.2,96.63,98.442,2026-04-09
AILOG00842,Voice Solution,408,1.61,88.56,85.26,96.77,100.0,2026-02-09
AILOG00843,Voice Solution,306,1.77,88.41,84.66,90.87,99.505,2026-04-28
AILOG00844,Sherpa AI,178,1.81,87.54,91.49,91.8,98.747,2025-11-23
AILOG00845,Sherpa AI,373,1.24,82.11,92.7,98.43,99.414,2025-12-02
AILOG00846,Voice Solution,237,2.07,89.0,93.16,96.65,99.643,2026-03-18
AILOG00847,Sherpa AI,474,1.46,86.22,94.44,95.92,99.056,2026-01-20
AILOG00848,Sherpa AI,444,1.48,93.8,89.29,96.38,98.988,2026-05-14
AILOG00849,Sherpa AI,134,1.62,90.87,91.1,97.41,100.0,2026-02-01
AILOG00850,Sherpa AI,449,1.36,85.5,88.46,94.4,99.13,2025-12-16
AILOG00851,Voice Solution,260,0.98,87.22,95.17,92.86,99.228,2025-11-27
AILOG00852,Voice Solution,327,1.03,89.56,86.35,95.68,99.962,2026-04-11
AILOG00853,Voice Solution,231,1.08,87.21,92.0,93.92,99.264,2026-02-09
AILOG00854,Sherpa AI,382,2.1,82.18,85.74,98.65,99.682,2026-05-06
AILOG00855,Sherpa AI,105,2.06,90.32,90.44,98.6,99.064,2026-05-13
AILOG00856,Voice Solution,152,1.63,91.37,83.57,96.67,98.951,2026-04-07
AILOG00857,Sherpa AI,287,1.66,92.33,90.91,90.17,99.49,2025-11-09
AILOG00858,Voice Solution,296,2.56,93.22,97.9,90.71,98.81,2026-05-31
AILOG00859,Sherpa AI,284,2.13,85.27,87.77,90.05,99.504,2026-04-16
AILOG00860,Voice Solution,112,2.82,92.53,89.03,94.56,98.841,2026-02-19
AILOG00861,Voice Solution,110,1.42,83.86,93.47,96.77,99.499,2026-05-22
AILOG00862,Voice Solution,164,1.04,90.61,90.18,93.08,99.918,2026-07-06
AILOG00863,Voice Solution,379,2.45,85.81,94.89,92.06,98.303,2026-01-04
AILOG00864,Sherpa AI,171,1.79,90.88,91.57,94.31,99.094,2026-05-22
AILOG00865,Voice Solution,174,1.28,82.21,93.5,91.65,98.32,2026-04-10
AILOG00866,Sherpa AI,155,2.12,91.44,82.09,94.8,99.153,2026-03-13
AILOG00867,Voice Solution,272,1.34,85.46,90.37,93.27,99.468,2026-04-27
AILOG00868,Voice Solution,447,2.25,91.17,85.57,92.03,99.13,2026-05-12
AILOG00869,Sherpa AI,337,2.12,90.68,88.42,94.35,98.23,2025-12-30
AILOG00870,Sherpa AI,48,1.65,90.73,91.73,96.66,99.749,2026-05-24
AILOG00871,Voice Solution,102,0.7,89.21,89.08,89.44,98.57,2026-04-04
AILOG00872,Sherpa AI,349,1.2,83.75,86.86,94.5,99.718,2026-01-11
AILOG00873,Sherpa AI,427,2.79,95.71,95.02,87.7,98.927,2026-04-05
AILOG00874,Voice Solution,53,2.93,88.42,94.03,93.24,98.865,2026-04-22
AILOG00875,Sherpa AI,335,3.49,88.4,84.51,96.09,99.305,2026-01-01
AILOG00876,Voice Solution,123,2.06,95.23,93.05,97.07,99.833,2026-05-24
AILOG00877,Voice Solution,434,1.09,85.0,90.68,92.43,100.0,2025-12-30
AILOG00878,Sherpa AI,390,2.67,88.79,90.94,92.39,99.095,2026-01-25
AILOG00879,Voice Solution,407,1.63,89.76,96.22,93.31,98.649,2026-03-23
AILOG00880,Voice Solution,252,1.36,87.96,90.62,90.69,99.473,2025-11-07
AILOG00881,Voice Solution,256,2.02,90.23,92.86,94.49,98.63,2026-04-28
AILOG00882,Sherpa AI,242,3.03,86.38,90.86,90.99,99.672,2026-06-15
AILOG00883,Sherpa AI,412,1.73,88.69,90.88,95.67,99.522,2025-11-07
AILOG00884,Voice Solution,109,1.81,89.59,86.3,91.85,99.977,2026-03-20
AILOG00885,Sherpa AI,352,0.8,95.15,99.82,93.04,99.827,2025-11-14
AILOG00886,Voice Solution,396,1.87,96.45,77.7,95.5,99.37,2025-12-04
AILOG00887,Sherpa AI,259,2.23,89.76,87.1,95.91,99.316,2026-06-28
AILOG00888,Sherpa AI,237,1.74,94.4,88.04,95.77,98.856,2026-02-05
AILOG00889,Sherpa AI,201,1.79,85.74,93.63,94.79,98.846,2026-03-06
AILOG00890,Voice Solution,276,1.95,99.13,84.36,90.74,99.279,2025-12-04
AILOG00891,Sherpa AI,251,1.12,87.9,89.3,93.91,98.761,2025-11-18
AILOG00892,Voice Solution,208,0.32,88.85,93.15,93.48,99.166,2026-01-07
AILOG00893,Sherpa AI,348,1.73,91.39,85.13,92.74,99.065,2026-06-25
AILOG00894,Voice Solution,434,1.65,92.84,89.45,94.22,99.596,2026-01-19
AILOG00895,Voice Solution,363,2.17,88.23,89.33,91.41,99.289,2026-01-25
AILOG00896,Voice Solution,274,3.36,79.96,87.61,93.9,99.797,2025-12-30
AILOG00897,Voice Solution,64,2.64,91.95,90.15,93.1,99.149,2025-12-18
AILOG00898,Sherpa AI,335,0.46,84.9,88.3,92.63,98.715,2026-04-28
AILOG00899,Sherpa AI,105,3.44,92.48,93.87,90.65,99.575,2026-01-23
AILOG00900,Voice Solution,220,2.23,92.39,92.12,90.57,99.238,2026-02-03
AILOG00901,Voice Solution,378,1.63,89.87,89.26,98.03,99.165,2026-07-10
AILOG00902,Voice Solution,362,2.76,93.07,90.26,94.34,99.089,2026-04-29
AILOG00903,Sherpa AI,231,0.25,86.79,88.44,99.44,99.294,2026-01-23
AILOG00904,Voice Solution,138,1.45,95.19,95.35,99.59,99.165,2026-03-30
AILOG00905,Voice Solution,317,1.93,89.73,91.81,97.69,99.558,2025-12-09
AILOG00906,Voice Solution,488,1.84,88.17,89.44,90.15,99.67,2026-02-21
AILOG00907,Sherpa AI,174,2.78,94.14,91.75,98.23,99.115,2026-03-07
AILOG00908,Voice Solution,205,2.57,86.01,97.56,93.62,100.0,2025-12-11
AILOG00909,Voice Solution,216,2.24,79.53,87.26,93.17,99.015,2026-04-07
AILOG00910,Sherpa AI,356,1.62,83.39,93.54,92.74,99.309,2026-05-25
AILOG00911,Voice Solution,220,2.42,95.46,91.66,92.95,98.489,2025-12-17
AILOG00912,Voice Solution,437,1.41,90.12,89.14,95.2,99.248,2026-05-04
AILOG00913,Voice Solution,285,2.3,89.77,87.08,100.0,99.198,2026-01-11
AILOG00914,Sherpa AI,398,1.33,93.1,93.44,89.08,99.275,2025-12-27
AILOG00915,Voice Solution,255,1.99,90.33,91.16,99.83,99.788,2026-06-27
AILOG00916,Voice Solution,213,0.85,87.76,95.78,98.53,100.0,2026-01-01
AILOG00917,Voice Solution,386,2.47,87.03,94.67,93.47,99.854,2025-12-27
AILOG00918,Sherpa AI,44,1.51,83.71,91.2,92.51,99.249,2026-07-01
AILOG00919,Voice Solution,278,0.91,84.2,87.11,89.96,99.398,2026-03-04
AILOG00920,Sherpa AI,437,1.17,89.79,98.22,91.28,100.0,2026-04-02
AILOG00921,Sherpa AI,90,1.6,88.3,87.52,92.18,98.799,2026-07-13
AILOG00922,Sherpa AI,47,1.21,91.2,93.32,93.69,99.692,2026-06-05
AILOG00923,Sherpa AI,412,2.27,88.61,82.91,93.91,98.856,2026-06-20
AILOG00924,Voice Solution,30,1.62,84.21,96.28,96.28,99.872,2025-11-17
AILOG00925,Voice Solution,368,2.41,90.11,81.86,95.95,99.233,2026-01-19
AILOG00926,Voice Solution,137,1.62,89.84,88.75,94.72,98.86,2026-04-25
AILOG00927,Sherpa AI,399,2.27,89.08,85.75,93.87,98.971,2025-12-09
AILOG00928,Sherpa AI,227,1.81,89.71,95.58,97.43,99.051,2026-03-23
AILOG00929,Sherpa AI,442,1.63,97.85,87.03,96.52,99.776,2025-11-17
AILOG00930,Voice Solution,112,1.12,83.64,92.12,95.33,99.97,2026-07-07
AILOG00931,Sherpa AI,160,1.84,84.69,91.07,92.78,99.099,2025-12-05
AILOG00932,Sherpa AI,374,2.28,81.34,84.22,97.32,98.864,2026-03-26
AILOG00933,Sherpa AI,30,1.35,89.42,94.12,96.5,100.0,2026-06-03
AILOG00934,Sherpa AI,310,1.79,80.29,89.94,93.26,99.71,2026-04-14
AILOG00935,Sherpa AI,258,1.44,90.01,96.03,88.25,98.912,2026-02-19
AILOG00936,Voice Solution,283,3.06,88.75,92.45,94.29,99.48,2026-03-15
AILOG00937,Voice Solution,282,2.0,86.42,86.96,91.92,99.094,2026-01-13
AILOG00938,Voice Solution,88,1.86,91.12,89.2,96.15,98.657,2026-04-05
AILOG00939,Voice Solution,89,1.48,90.33,89.08,94.65,99.145,2026-06-03
AILOG00940,Voice Solution,204,2.37,96.22,93.11,88.98,98.615,2026-03-28
AILOG00941,Sherpa AI,390,1.8,91.76,92.98,94.88,99.06,2025-12-01
AILOG00942,Sherpa AI,143,1.76,88.72,87.31,99.15,99.107,2025-11-14
AILOG00943,Voice Solution,438,1.75,78.73,93.79,93.54,99.03,2025-11-23
AILOG00944,Voice Solution,241,1.08,93.18,91.63,93.97,99.755,2025-11-02
AILOG00945,Voice Solution,30,2.77,93.22,92.68,92.97,99.502,2026-04-27
AILOG00946,Voice Solution,185,2.4,94.96,92.07,94.22,98.98,2025-12-29
AILOG00947,Voice Solution,110,1.81,78.71,93.32,98.62,99.461,2026-04-25
AILOG00948,Sherpa AI,267,1.73,89.92,86.27,97.17,99.953,2026-04-21
AILOG00949,Voice Solution,360,1.23,91.96,90.76,92.27,98.885,2026-01-22
AILOG00950,Voice Solution,481,0.84,94.41,94.03,93.78,98.643,2026-06-11
AILOG00951,Voice Solution,324,1.23,91.71,94.46,93.98,98.758,2025-12-05
AILOG00952,Sherpa AI,310,2.54,89.27,94.46,95.23,99.488,2026-02-18
AILOG00953,Sherpa AI,176,1.55,84.42,86.46,95.29,100.0,2026-06-23
AILOG00954,Voice Solution,107,2.5,88.47,98.31,93.71,99.724,2025-12-09
AILOG00955,Sherpa AI,247,1.78,90.75,97.06,90.27,99.942,2026-06-07
AILOG00956,Sherpa AI,444,1.24,92.52,86.54,93.66,98.2,2026-06-05
AILOG00957,Voice Solution,384,1.32,81.86,88.8,92.91,98.883,2026-05-13
AILOG00958,Voice Solution,499,1.96,90.33,92.74,91.31,98.741,2026-04-12
AILOG00959,Voice Solution,153,0.75,82.37,87.11,96.37,99.579,2026-02-24
AILOG00960,Voice Solution,285,1.3,90.2,92.33,94.06,99.2,2026-04-10
AILOG00961,Sherpa AI,103,1.51,83.84,90.85,90.9,97.8,2026-01-28
AILOG00962,Voice Solution,231,2.33,82.51,95.15,99.94,99.68,2026-03-21
AILOG00963,Voice Solution,237,1.98,97.15,91.72,95.25,99.884,2026-04-23
AILOG00964,Voice Solution,360,1.92,82.78,81.88,96.38,100.0,2026-05-20
AILOG00965,Voice Solution,256,2.1,86.13,93.45,97.14,99.383,2026-02-21
AILOG00966,Sherpa AI,170,2.47,88.91,94.92,92.69,99.61,2026-04-23
AILOG00967,Voice Solution,193,1.83,79.63,89.75,95.63,98.729,2026-01-13
AILOG00968,Voice Solution,159,1.13,92.53,90.59,88.21,98.479,2026-03-05
AILOG00969,Sherpa AI,74,1.92,85.85,90.6,96.89,99.922,2025-11-24
AILOG00970,Voice Solution,160,1.25,84.41,87.66,93.8,99.574,2025-12-02
AILOG00971,Voice Solution,93,0.46,93.16,99.88,95.58,99.924,2026-07-12
AILOG00972,Voice Solution,154,1.92,82.99,86.87,93.79,99.172,2026-02-21
AILOG00973,Voice Solution,415,2.14,91.01,93.71,99.45,100.0,2026-05-14
AILOG00974,Voice Solution,336,2.03,89.11,93.69,97.67,99.457,2025-11-16
AILOG00975,Voice Solution,428,2.13,89.26,88.17,86.17,98.923,2026-05-31
AILOG00976,Voice Solution,149,2.52,88.75,86.25,95.66,99.141,2026-02-16
AILOG00977,Sherpa AI,251,1.17,89.58,89.57,93.15,98.498,2025-11-24
AILOG00978,Voice Solution,45,1.55,78.75,92.79,95.78,98.829,2026-02-27
AILOG00979,Sherpa AI,454,0.96,85.07,91.23,95.74,99.106,2026-04-30
AILOG00980,Voice Solution,88,2.09,84.89,97.26,91.77,100.0,2025-12-08
AILOG00981,Sherpa AI,81,2.6,93.98,87.65,93.65,99.267,2026-06-21
AILOG00982,Sherpa AI,219,1.45,89.71,87.75,90.94,99.842,2026-01-08
AILOG00983,Voice Solution,476,2.27,89.05,93.53,98.46,99.25,2026-01-21
AILOG00984,Sherpa AI,186,1.3,97.35,83.33,94.98,98.787,2026-02-26
AILOG00985,Sherpa AI,487,2.22,79.89,87.75,95.3,99.573,2025-12-20
AILOG00986,Voice Solution,135,0.35,95.37,89.48,94.91,98.878,2026-04-06
AILOG00987,Sherpa AI,390,2.79,89.05,89.94,90.82,99.101,2026-01-13
AILOG00988,Voice Solution,158,1.09,85.6,87.97,95.9,100.0,2026-05-02
AILOG00989,Voice Solution,251,1.91,86.6,82.7,99.36,99.602,2026-02-14
AILOG00990,Sherpa AI,467,2.71,86.76,95.66,89.33,98.89,2026-05-08
AILOG00991,Voice Solution,233,1.04,95.75,95.45,94.24,99.666,2026-01-26
AILOG00992,Sherpa AI,227,2.94,90.08,83.34,96.28,98.831,2026-04-21
AILOG00993,Sherpa AI,121,3.17,92.09,92.7,91.75,98.423,2026-07-10
AILOG00994,Sherpa AI,317,2.25,85.66,89.46,96.2,99.846,2026-03-24
AILOG00995,Voice Solution,29,1.81,89.5,92.24,94.13,99.447,2026-05-04
AILOG00996,Sherpa AI,492,1.68,93.09,91.12,91.86,99.201,2026-04-03
AILOG00997,Voice Solution,142,2.17,94.07,84.17,86.47,98.467,2026-02-26
AILOG00998,Voice Solution,294,2.29,82.97,93.21,93.7,99.142,2026-07-13
AILOG00999,Voice Solution,23,0.49,92.64,87.79,93.78,99.396,2026-06-29
AILOG01000,Sherpa AI,486,1.61,88.34,79.61,97.94,98.717,2026-04-20
